time,utm_x,utm_y,path_type,vehicle_yaw_deg,path_yaw_deg,cte_meter,k_gain,v_kmh,target_steer_deg,current_steer_deg,kp,ki,kd,closest_cluster_dist,r_state,y_state,g_state,f_state,l_state,light_area,stopline_dist
16:53:58.803,399756.6937,4091870.3185,global,-7.33,-7.34,-1.111,2.00,0.00,-22.00,-3.00,10.00,0.00,0.50,99.00,0,0,0,0,0,0.00,999.00
16:53:58.852,399756.6937,4091870.3185,global,-7.33,-7.34,-1.111,2.00,0.00,-22.00,-3.00,10.00,0.00,0.50,99.00,0,0,0,0,0,0.00,999.00
16:53:58.903,399756.6937,4091870.3185,global,-7.33,-7.34,-1.111,2.00,0.00,-22.00,-3.00,10.00,0.00,0.50,99.00,0,0,0,0,0,0.00,999.00
16:53:58.952,399756.6937,4091870.3185,global,-7.33,-7.34,-1.111,2.00,0.00,-22.00,-3.02,10.00,0.00,0.50,99.00,0,0,0,0,0,0.00,999.00
16:53:59.005,399756.6937,4091870.3185,global,-7.33,-7.34,-1.111,2.00,0.00,-22.00,-3.02,10.00,0.00,0.50,99.00,0,0,0,0,0,0.00,999.00
16:53:59.052,399756.6937,4091870.3185,global,-7.36,-7.34,-1.111,2.00,0.00,-22.00,-8.27,10.00,0.00,0.50,99.00,0,0,0,0,0,0.00,999.00
16:53:59.101,399756.7116,4091870.3294,global,-7.39,-7.34,-1.098,2.00,0.40,-22.00,-8.27,10.00,0.00,0.50,99.00,0,0,0,0,0,0.00,999.00
16:53:59.152,399756.7116,4091870.3294,global,-7.38,-7.34,-1.098,2.00,0.40,-22.00,-8.27,10.00,0.00,0.50,99.00,0,0,0,0,0,0.00,999.00
16:53:59.201,399756.7116,4091870.3294,global,-7.24,-7.34,-1.098,2.00,0.14,-22.00,-20.24,10.00,0.00,0.50,99.00,0,0,0,0,0,0.00,999.00
16:53:59.251,399756.7116,4091870.3294,global,-7.04,-7.34,-1.098,2.00,0.14,-22.00,-20.24,10.00,0.00,0.50,99.00,0,0,0,0,0,0.00,999.00
16:53:59.301,399756.7116,4091870.3294,global,-6.85,-7.34,-1.098,2.00,0.60,-22.00,-21.96,10.00,0.00,0.50,99.00,0,0,0,0,0,0.00,999.00
16:53:59.352,399756.7204,4091870.3182,global,-6.62,-7.34,-1.108,2.00,0.60,-22.00,-21.96,10.00,0.00,0.50,99.00,0,0,0,0,0,0.00,999.00
16:53:59.402,399756.7204,4091870.3182,global,-6.38,-7.34,-1.108,2.00,0.60,-22.00,-21.96,10.00,0.00,0.50,99.00,0,0,0,0,0,0.00,999.00
16:53:59.455,399756.7204,4091870.3182,global,-5.90,-7.34,-1.108,2.00,0.82,-22.00,-18.98,10.00,0.00,0.50,99.00,0,0,0,0,0,0.00,999.00
16:53:59.501,399756.7204,4091870.3182,global,-5.36,-7.34,-1.108,2.00,0.82,-22.00,-18.98,10.00,0.00,0.50,99.00,0,0,0,0,0,0.00,999.00
16:53:59.552,399756.7560,4091870.3178,global,-5.11,-7.34,-1.104,2.00,1.01,-22.00,-18.36,10.00,0.00,0.50,99.00,0,0,0,0,0,0.00,999.00
16:53:59.602,399756.7560,4091870.3178,global,-4.83,-7.34,-1.104,2.00,1.01,-22.00,-18.36,10.00,0.00,0.50,99.00,0,0,0,0,0,0.00,999.00
16:53:59.654,399756.7560,4091870.3178,global,-4.49,-7.34,-1.104,2.00,1.01,-22.00,-18.35,10.00,0.00,0.50,99.00,0,0,0,0,0,0.00,999.00
16:53:59.702,399756.7560,4091870.3178,global,-4.02,-7.34,-1.104,2.00,1.01,-22.00,-18.35,10.00,0.00,0.50,99.00,0,0,0,0,0,0.00,999.00
16:53:59.752,399756.7560,4091870.3178,global,-3.71,-7.34,-1.104,2.00,1.21,-22.00,-19.34,10.00,0.00,0.50,99.00,0,0,0,0,0,0.00,999.00
16:53:59.804,399756.7560,4091870.3178,global,-3.15,-7.34,-1.104,2.00,1.21,-22.00,-19.34,10.00,0.00,0.50,99.00,0,0,0,0,0,0.00,999.00
16:53:59.854,399756.8184,4091870.3281,global,-2.75,-7.34,-1.085,2.00,1.21,-22.00,-19.34,10.00,0.00,0.50,99.00,0,0,0,0,0,0.00,999.00
16:53:59.904,399756.8184,4091870.3281,global,-2.21,-7.34,-1.085,2.00,1.37,-22.00,-19.68,10.00,0.00,0.50,99.00,0,0,0,0,0,0.00,999.00
16:53:59.953,399756.8184,4091870.3281,global,-1.80,-7.34,-1.085,2.00,1.37,-22.00,-19.68,10.00,0.00,0.50,99.00,0,0,0,0,0,0.00,999.00
16:54:00.004,399756.8184,4091870.3281,global,-1.18,-7.34,-1.085,2.00,1.41,-22.00,-18.92,10.00,0.00,0.50,99.00,0,0,0,0,0,0.00,999.00
16:54:00.054,399756.8184,4091870.3281,global,-0.78,-7.34,-1.085,2.00,1.41,-22.00,-18.92,10.00,0.00,0.50,99.00,0,0,0,0,0,0.00,999.00
16:54:00.101,399756.8897,4091870.3273,global,0.13,-7.34,-1.077,2.00,1.81,-22.00,-20.17,10.00,0.00,0.50,99.00,0,0,0,0,0,0.00,999.00
16:54:00.152,399756.8897,4091870.3273,global,0.61,-7.34,-1.077,2.00,1.81,-22.00,-20.17,10.00,0.00,0.50,99.00,0,0,0,0,0,0.00,999.00
16:54:00.201,399756.8897,4091870.3273,global,1.30,-7.34,-1.077,2.00,1.81,-22.00,-20.17,10.00,0.00,0.50,99.00,0,0,0,0,0,0.00,999.00
16:54:00.251,399756.8897,4091870.3273,global,1.80,-7.34,-1.077,2.00,1.97,-22.00,-19.30,10.00,0.00,0.50,99.00,0,0,0,0,0,0.00,999.00
16:54:00.305,399756.8897,4091870.3273,global,2.30,-7.34,-1.077,2.00,1.97,-22.00,-19.30,10.00,0.00,0.50,99.00,0,0,0,0,0,0.00,999.00
16:54:00.351,399757.0144,4091870.3369,global,3.08,-9.53,-1.055,2.00,1.96,-22.00,-19.29,10.00,0.00,0.50,99.00,0,0,0,0,0,0.00,999.00
16:54:00.401,399757.0144,4091870.3369,global,3.65,-9.53,-1.055,2.00,1.96,-22.00,-19.29,10.00,0.00,0.50,99.00,0,0,0,0,0,0.00,999.00
16:54:00.451,399757.0144,4091870.3369,global,4.43,-9.53,-1.055,2.00,1.96,-22.00,-19.29,10.00,0.00,0.50,99.00,0,0,0,0,0,0.00,999.00
16:54:00.501,399757.0144,4091870.3369,global,5.26,-9.53,-1.055,2.00,2.09,-22.00,-19.35,10.00,0.00,0.50,99.00,0,0,0,0,0,0.00,999.00
16:54:00.552,399757.1305,4091870.3688,global,5.84,-9.53,-1.004,2.00,2.09,-22.00,-19.35,10.00,0.00,0.50,99.00,0,0,0,0,0,0.00,999.00
16:54:00.602,399757.1305,4091870.3688,global,6.42,-9.53,-1.004,2.00,1.81,-22.00,-19.31,10.00,0.00,0.50,99.00,0,0,0,0,0,0.00,999.00
16:54:00.652,399757.1305,4091870.3688,global,7.02,-9.53,-1.004,2.00,1.81,-22.00,-19.31,10.00,0.00,0.50,99.00,0,0,0,0,0,0.00,999.00
16:54:00.701,399757.1305,4091870.3688,global,7.96,-9.53,-1.004,2.00,2.02,-22.00,-19.30,10.00,0.00,0.50,99.00,0,0,0,0,0,0.00,999.00
16:54:00.751,399757.1305,4091870.3688,global,8.87,-9.53,-1.004,2.00,2.02,-22.00,-19.30,10.00,0.00,0.50,99.00,0,0,0,0,0,0.00,999.00
16:54:00.801,399757.1305,4091870.3688,global,9.78,-9.53,-1.004,2.00,2.02,-22.00,-19.30,10.00,0.00,0.50,99.00,0,0,0,0,0,0.00,999.00
16:54:00.852,399757.2555,4091870.4006,global,10.09,-5.13,-0.940,2.00,2.34,-22.00,-20.46,10.00,0.00,0.50,99.00,0,0,0,0,0,0.00,999.00
16:54:00.902,399757.2555,4091870.4006,global,11.07,-5.13,-0.940,2.00,2.34,-22.00,-20.46,10.00,0.00,0.50,99.00,0,0,0,0,0,0.00,999.00
16:54:00.954,399757.2555,4091870.4006,global,11.69,-5.13,-0.940,2.00,2.62,-22.00,-19.07,10.00,0.00,0.50,99.00,0,0,0,0,0,0.00,999.00
16:54:01.031,399757.2555,4091870.4006,global,12.68,-5.13,-0.940,2.00,2.62,-22.00,-19.07,10.00,0.00,0.50,99.00,0,0,0,0,0,0.00,999.00
16:54:01.051,399757.2555,4091870.4006,global,13.67,-5.13,-0.940,2.00,2.62,-22.00,-19.30,10.00,0.00,0.50,99.00,0,0,0,0,0,0.00,999.00
16:54:01.101,399757.4071,4091870.4210,global,14.30,-5.13,-0.906,2.00,2.52,-22.00,-19.30,10.00,0.00,0.50,99.00,0,0,0,0,0,0.00,999.00
16:54:01.151,399757.4071,4091870.4210,global,15.28,-5.13,-0.906,2.00,2.52,-22.00,-19.30,10.00,0.00,0.50,99.00,0,0,0,0,0,0.00,999.00
16:54:01.201,399757.4071,4091870.4210,global,16.30,-5.13,-0.906,2.00,2.38,-22.00,-19.73,10.00,0.00,0.50,99.00,0,0,0,0,0,0.00,999.00
16:54:01.251,399757.4071,4091870.4210,global,16.97,-5.13,-0.906,2.00,2.38,-22.00,-19.73,10.00,0.00,0.50,99.00,0,0,0,0,0,0.00,999.00
16:54:01.301,399757.4071,4091870.4210,global,17.64,-5.13,-0.906,2.00,2.59,-22.00,-19.29,10.00,0.00,0.50,99.00,0,0,0,0,0,0.00,999.00
16:54:01.351,399757.5505,4091870.4970,global,18.33,-5.13,-0.817,2.00,2.59,-22.00,-19.29,10.00,0.00,0.50,99.00,0,0,0,0,0,0.00,999.00
16:54:01.405,399757.5505,4091870.4970,global,19.38,-5.13,-0.817,2.00,2.65,-22.00,-19.30,10.00,0.00,0.50,99.00,0,0,0,0,0,0.00,999.00
16:54:01.452,399757.5505,4091870.4970,global,20.08,-5.13,-0.817,2.00,2.65,-22.00,-19.30,10.00,0.00,0.50,99.00,0,0,0,0,0,0.00,999.00
16:54:01.504,399757.5505,4091870.4970,global,21.13,-5.13,-0.817,2.00,2.65,-22.00,-19.30,10.00,0.00,0.50,99.00,0,0,0,0,0,0.00,999.00
16:54:01.551,399757.6762,4091870.5843,global,22.26,-8.78,-0.723,2.00,2.97,-22.00,-19.31,10.00,0.00,0.50,99.00,0,0,0,0,0,0.00,999.00
16:54:01.601,399757.6762,4091870.5843,global,23.35,-8.78,-0.723,2.00,2.97,-22.00,-19.31,10.00,0.00,0.50,99.00,0,0,0,0,0,0.00,999.00
16:54:01.651,399757.6762,4091870.5843,global,24.10,-8.78,-0.723,2.00,2.97,-22.00,-19.31,10.00,0.00,0.50,99.00,0,0,0,0,0,0.00,999.00
16:54:01.701,399757.6762,4091870.5843,global,25.29,-8.78,-0.723,2.00,2.91,-21.26,-19.62,10.00,0.00,0.50,99.00,0,0,0,0,0,0.00,999.00
16:54:01.751,399757.6762,4091870.5843,global,26.09,-8.78,-0.723,2.00,2.91,-20.46,-19.62,10.00,0.00,0.50,99.00,0,0,0,0,0,0.00,999.00
16:54:01.801,399757.6762,4091870.5843,global,26.89,-8.78,-0.723,2.00,2.79,-19.67,-19.27,10.00,0.00,0.50,99.00,0,0,0,0,0,0.00,999.00
16:54:01.853,399757.8380,4091870.7155,global,27.68,-8.78,-0.569,2.00,2.79,-12.21,-19.27,10.00,0.00,0.50,99.00,0,0,0,0,0,0.00,999.00
16:54:01.903,399757.8380,4091870.7155,global,28.83,-8.78,-0.569,2.00,3.19,-11.06,-19.29,10.00,0.00,0.50,99.00,0,0,0,0,0,0.00,999.00
16:54:01.953,399757.8380,4091870.7155,global,29.63,-8.78,-0.569,2.00,3.19,-10.26,-19.29,10.00,0.00,0.50,99.00,0,0,0,0,0,0.00,999.00
16:54:02.006,399757.8380,4091870.7155,global,30.85,-8.78,-0.569,2.00,2.82,-9.04,-18.08,10.00,0.00,0.50,99.00,0,0,0,0,0,0.00,999.00
16:54:02.054,399757.8380,4091870.7155,global,31.69,-8.78,-0.569,2.00,2.82,-8.20,-18.08,10.00,0.00,0.50,99.00,0,0,0,0,0,0.00,999.00
16:54:02.101,399758.0085,4091870.8355,global,32.75,-7.14,-0.422,2.00,2.82,-0.27,-12.48,10.00,0.00,0.50,99.00,0,0,0,0,0,0.00,999.00
16:54:02.151,399758.0085,4091870.8355,global,33.44,-7.14,-0.422,2.00,3.05,0.42,-12.48,10.00,0.00,0.50,99.00,0,0,0,0,0,0.00,999.00
16:54:02.201,399758.0085,4091870.8355,global,33.96,-7.14,-0.422,2.00,3.05,0.94,-12.48,10.00,0.00,0.50,99.00,0,0,0,0,0,0.00,999.00
16:54:02.251,399758.0085,4091870.8355,global,34.16,-7.14,-0.422,2.00,3.65,1.54,-2.06,10.00,0.00,0.50,99.00,0,0,0,0,0,0.00,999.00
16:54:02.303,399758.0085,4091870.8355,global,34.23,-7.14,-0.422,2.00,3.65,1.60,-2.06,10.00,0.00,0.50,99.00,0,0,0,0,0,0.00,999.00
16:54:02.354,399758.1972,4091870.9775,global,34.13,-7.14,-0.258,2.00,3.79,15.21,7.44,10.00,0.00,0.50,99.00,0,0,0,0,0,0.00,999.00
16:54:02.404,399758.1972,4091870.9775,global,33.70,-7.14,-0.258,2.00,3.79,14.78,7.44,10.00,0.00,0.50,99.00,0,0,0,0,0,0.00,999.00
16:54:02.456,399758.1972,4091870.9775,global,33.22,-7.14,-0.258,2.00,3.22,13.11,12.04,10.00,0.00,0.50,99.00,0,0,0,0,0,0.00,999.00
16:54:02.503,399758.1972,4091870.9775,global,32.47,-7.14,-0.258,2.00,3.22,12.36,12.04,10.00,0.00,0.50,99.00,0,0,0,0,0,0.00,999.00
16:54:02.554,399758.1972,4091870.9775,global,32.11,-7.14,-0.258,2.00,3.43,12.00,14.12,10.00,0.00,0.50,99.00,0,0,0,0,0,0.00,999.00
16:54:02.603,399758.3229,4091871.0648,global,31.47,-12.41,-0.163,2.00,3.43,22.00,14.12,10.00,0.00,0.50,99.00,0,0,0,0,0,0.00,999.00
16:54:02.652,399758.3229,4091871.0648,global,30.81,-12.41,-0.163,2.00,3.43,22.00,14.12,10.00,0.00,0.50,99.00,0,0,0,0,0,0.00,999.00
16:54:02.701,399758.3229,4091871.0648,global,29.64,-12.41,-0.163,2.00,3.32,22.00,14.48,10.00,0.00,0.50,99.00,0,0,0,0,0,0.00,999.00
16:54:02.751,399758.3229,4091871.0648,global,29.13,-12.41,-0.163,2.00,3.32,22.00,14.48,10.00,0.00,0.50,99.00,0,0,0,0,0,0.00,999.00
16:54:02.802,399758.3229,4091871.0648,global,28.54,-12.41,-0.163,2.00,3.02,22.00,19.99,10.00,0.00,0.50,99.00,0,0,0,0,0,0.00,999.00
16:54:02.853,399758.3769,4091871.1197,global,27.77,-12.41,-0.098,2.00,3.02,22.00,19.99,10.00,0.00,0.50,99.00,0,0,0,0,0,0.00,999.00
16:54:02.903,399758.3769,4091871.1197,global,26.29,-12.41,-0.098,2.00,3.02,22.00,21.99,10.00,0.00,0.50,99.00,0,0,0,0,0,0.00,999.00
16:54:02.951,399758.3769,4091871.1197,global,24.69,-12.41,-0.098,2.00,3.19,22.00,21.99,10.00,0.00,0.50,99.00,0,0,0,0,0,0.00,999.00
16:54:03.001,399758.3769,4091871.1197,global,23.21,-12.41,-0.098,2.00,3.19,22.00,21.99,10.00,0.00,0.50,99.00,0,0,0,0,0,0.00,999.00
16:54:03.052,399758.3769,4091871.1197,global,22.70,-12.41,-0.098,2.00,3.63,22.00,21.99,10.00,0.00,0.50,99.00,0,0,0,0,0,0.00,999.00
16:54:03.103,399758.5734,4091871.1728,global,21.21,-12.41,-0.004,2.00,3.63,22.00,21.99,10.00,0.00,0.50,99.00,0,0,0,0,0,0.00,999.00
16:54:03.151,399758.5734,4091871.1728,global,19.73,-12.41,-0.004,2.00,3.36,22.00,21.99,10.00,0.00,0.50,99.00,0,0,0,0,0,0.00,999.00
16:54:03.201,399758.5734,4091871.1728,global,18.26,-12.41,-0.004,2.00,3.36,22.00,21.99,10.00,0.00,0.50,99.00,0,0,0,0,0,0.00,999.00
16:54:03.252,399758.5734,4091871.1728,global,17.24,-12.41,-0.004,2.00,3.36,22.00,21.99,10.00,0.00,0.50,99.00,0,0,0,0,0,0.00,999.00
16:54:03.302,399758.5734,4091871.1728,global,16.21,-12.41,-0.004,2.00,3.44,22.00,21.99,10.00,0.00,0.50,99.00,0,0,0,0,0,0.00,999.00
16:54:03.353,399758.7431,4091871.2152,global,15.21,-7.14,0.076,2.00,3.44,22.00,21.99,10.00,0.00,0.50,99.00,0,0,0,0,0,0.00,999.00
16:54:03.404,399758.7431,4091871.2152,global,13.78,-7.14,0.076,2.00,3.43,22.00,21.99,10.00,0.00,0.50,99.00,0,0,0,0,0,0.00,999.00
16:54:03.451,399758.7431,4091871.2152,global,12.37,-7.14,0.076,2.00,3.43,22.00,21.99,10.00,0.00,0.50,99.00,0,0,0,0,0,0.00,999.00
16:54:03.501,399758.7431,4091871.2152,global,10.93,-7.14,0.076,2.00,3.43,22.00,21.99,10.00,0.00,0.50,99.00,0,0,0,0,0,0.00,999.00
16:54:03.551,399758.8854,4091871.2024,global,9.93,-7.14,0.081,2.00,3.55,22.00,21.99,10.00,0.00,0.50,99.00,0,0,0,0,0,0.00,999.00
16:54:03.604,399758.8854,4091871.2024,global,8.97,-7.14,0.081,2.00,3.55,22.00,21.99,10.00,0.00,0.50,99.00,0,0,0,0,0,0.00,999.00
16:54:03.651,399758.8854,4091871.2024,global,7.51,-7.14,0.081,2.00,3.76,22.00,21.99,10.00,0.00,0.50,99.00,0,0,0,0,0,0.00,999.00
16:54:03.701,399758.8854,4091871.2024,global,6.08,-7.14,0.081,2.00,3.76,22.00,21.99,10.00,0.00,0.50,99.00,0,0,0,0,0,0.00,999.00
16:54:03.751,399758.8854,4091871.2024,global,5.09,-7.14,0.081,2.00,3.66,21.30,21.99,10.00,0.00,0.50,99.00,0,0,0,0,0,0.00,999.00
16:54:03.802,399758.8854,4091871.2024,global,4.15,-7.14,0.081,2.00,3.66,20.36,21.99,10.00,0.00,0.50,99.00,0,0,0,0,0,0.00,999.00
16:54:03.853,399759.0903,4091871.2111,global,3.22,-14.67,0.118,2.00,3.66,22.00,21.99,10.00,0.00,0.50,99.00,0,0,0,0,0,0.00,999.00
16:54:03.902,399759.0903,4091871.2111,global,1.71,-14.67,0.118,2.00,3.28,22.00,21.99,10.00,0.00,0.50,99.00,0,0,0,0,0,0.00,999.00
16:54:03.951,399759.0903,4091871.2111,global,0.27,-14.67,0.118,2.00,3.28,22.00,21.99,10.00,0.00,0.50,99.00,0,0,0,0,0,0.00,999.00
16:54:04.001,399759.0903,4091871.2111,global,-1.29,-14.67,0.118,2.00,3.28,22.00,21.99,10.00,0.00,0.50,99.00,0,0,0,0,0,0.00,999.00
16:54:04.052,399759.0903,4091871.2111,global,-1.79,-14.67,0.118,2.00,3.74,22.00,21.99,10.00,0.00,0.50,99.00,0,0,0,0,0,0.00,999.00
16:54:04.105,399759.3036,4091871.1864,global,-3.31,-2.98,0.164,2.00,3.74,17.21,21.99,10.00,0.00,0.50,99.00,0,0,0,0,0,0.00,999.00
16:54:04.152,399759.3036,4091871.1864,global,-4.33,-2.98,0.164,2.00,3.74,16.18,21.99,10.00,0.00,0.50,99.00,0,0,0,0,0,0.00,999.00
16:54:04.201,399759.3036,4091871.1864,global,-6.38,-2.98,0.164,2.00,3.88,13.54,21.99,10.00,0.00,0.50,99.00,0,0,0,0,0,0.00,999.00
16:54:04.251,399759.3036,4091871.1864,global,-6.90,-2.98,0.164,2.00,3.88,13.03,21.99,10.00,0.00,0.50,99.00,0,0,0,0,0,0.00,999.00
16:54:04.304,399759.3036,4091871.1864,global,-8.49,-2.98,0.164,2.00,3.51,12.66,21.99,10.00,0.00,0.50,99.00,0,0,0,0,0,0.00,999.00
16:54:04.352,399759.3917,4091871.1077,global,-9.58,-2.98,0.090,2.00,3.51,3.61,21.99,10.00,0.00,0.50,99.00,0,0,0,0,0,0.00,999.00
16:54:04.403,399759.3917,4091871.1077,global,-11.05,-2.98,0.090,2.00,3.59,2.15,17.02,10.00,0.00,0.50,99.00,0,0,0,0,0,0.00,999.00
16:54:04.454,399759.3917,4091871.1077,global,-11.74,-2.98,0.090,2.00,3.59,1.46,17.02,10.00,0.00,0.50,99.00,0,0,0,0,0,0.00,999.00
16:54:04.504,399759.3917,4091871.1077,global,-12.57,-2.98,0.090,2.00,4.03,-0.44,9.20,10.00,0.00,0.50,99.00,0,0,0,0,0,0.00,999.00
16:54:04.552,399759.3917,4091871.1077,global,-12.92,-2.98,0.090,2.00,4.03,-0.80,9.20,10.00,0.00,0.50,99.00,0,0,0,0,0,0.00,999.00
16:54:04.608,399759.5330,4091871.0061,global,-13.28,-5.59,-0.008,2.00,3.43,-8.66,1.21,10.00,0.00,0.50,99.00,0,0,0,0,0,0.00,999.00
16:54:04.653,399759.5330,4091871.0061,global,-13.34,-5.59,-0.008,2.00,3.43,-8.71,1.21,10.00,0.00,0.50,99.00,0,0,0,0,0,0.00,999.00
16:54:04.701,399759.5330,4091871.0061,global,-13.08,-5.59,-0.008,2.00,3.63,-8.44,-6.90,10.00,0.00,0.50,99.00,0,0,0,0,0,0.00,999.00
16:54:04.751,399759.5330,4091871.0061,global,-12.73,-5.59,-0.008,2.00,3.63,-8.09,-6.90,10.00,0.00,0.50,99.00,0,0,0,0,0,0.00,999.00
16:54:04.804,399759.5330,4091871.0061,global,-11.97,-5.59,-0.008,2.00,3.63,-7.33,-6.90,10.00,0.00,0.50,99.00,0,0,0,0,0,0.00,999.00
16:54:04.855,399759.7813,4091870.9255,global,-11.26,-7.14,-0.067,2.00,3.71,-11.54,-14.68,10.00,0.00,0.50,99.00,0,0,0,0,0,0.00,999.00
16:54:04.904,399759.7813,4091870.9255,global,-10.08,-7.14,-0.067,2.00,3.71,-10.36,-14.68,10.00,0.00,0.50,99.00,0,0,0,0,0,0.00,999.00
16:54:04.953,399759.7813,4091870.9255,global,-9.41,-7.14,-0.067,2.00,3.59,-9.91,-13.40,10.00,0.00,0.50,99.00,0,0,0,0,0,0.00,999.00
16:54:05.001,399759.7813,4091870.9255,global,-7.98,-7.14,-0.067,2.00,3.59,-8.49,-13.40,10.00,0.00,0.50,99.00,0,0,0,0,0,0.00,999.00
16:54:05.053,399759.7813,4091870.9255,global,-7.61,-7.14,-0.067,2.00,3.59,-8.12,-13.40,10.00,0.00,0.50,99.00,0,0,0,0,0,0.00,999.00
16:54:05.104,399760.0480,4091870.8891,global,-6.69,-7.55,-0.071,2.00,3.88,-6.65,-11.68,10.00,0.00,0.50,99.00,0,0,0,0,0,0.00,999.00
16:54:05.153,399760.0480,4091870.8891,global,-6.12,-7.55,-0.071,2.00,3.88,-6.09,-11.68,10.00,0.00,0.50,99.00,0,0,0,0,0,0.00,999.00
16:54:05.201,399760.0480,4091870.8891,global,-5.23,-7.55,-0.071,2.00,3.79,-5.36,-10.16,10.00,0.00,0.50,99.00,0,0,0,0,0,0.00,999.00
16:54:05.251,399760.0480,4091870.8891,global,-4.45,-7.55,-0.071,2.00,3.79,-4.58,-10.16,10.00,0.00,0.50,99.00,0,0,0,0,0,0.00,999.00
16:54:05.302,399760.0480,4091870.8891,global,-3.99,-7.55,-0.071,2.00,3.79,-4.12,-10.16,10.00,0.00,0.50,99.00,0,0,0,0,0,0.00,999.00
16:54:05.351,399760.2883,4091870.8862,global,-3.54,-7.55,-0.042,2.00,3.60,-0.82,-6.23,10.00,0.00,0.50,99.00,0,0,0,0,0,0.00,999.00
16:54:05.406,399760.2883,4091870.8862,global,-3.03,-7.55,-0.042,2.00,3.60,-0.30,-6.23,10.00,0.00,0.50,99.00,0,0,0,0,0,0.00,999.00
16:54:05.452,399760.2883,4091870.8862,global,-2.72,-7.55,-0.042,2.00,3.91,0.38,-3.09,10.00,0.00,0.50,99.00,0,0,0,0,0,0.00,999.00
16:54:05.535,399760.2883,4091870.8862,global,-2.37,-7.55,-0.042,2.00,3.91,0.74,-3.09,10.00,0.00,0.50,99.00,0,0,0,0,0,0.00,999.00
16:54:05.551,399760.2883,4091870.8862,global,-2.29,-7.55,-0.042,2.00,3.91,0.82,-3.09,10.00,0.00,0.50,99.00,0,0,0,0,0,0.00,999.00
16:54:05.601,399760.5020,4091870.8837,global,-2.26,-12.41,-0.013,2.00,3.79,8.77,1.33,10.00,0.00,0.50,99.00,0,0,0,0,0,0.00,999.00
16:54:05.651,399760.5020,4091870.8837,global,-2.33,-12.41,-0.013,2.00,3.79,8.70,1.33,10.00,0.00,0.50,99.00,0,0,0,0,0,0.00,999.00
16:54:05.703,399760.5020,4091870.8837,global,-2.46,-12.41,-0.013,2.00,3.86,8.60,3.16,10.00,0.00,0.50,99.00,0,0,0,0,0,0.00,999.00
16:54:05.751,399760.5020,4091870.8837,global,-2.64,-12.41,-0.013,2.00,3.86,8.42,3.16,10.00,0.00,0.50,99.00,0,0,0,0,0,0.00,999.00
16:54:05.801,399760.6798,4091870.8594,global,-2.83,-2.98,0.009,2.00,3.79,1.16,5.91,10.00,0.00,0.50,99.00,0,0,0,0,0,0.00,999.00
16:54:05.852,399760.6798,4091870.8594,global,-3.15,-2.98,0.009,2.00,3.79,0.84,5.91,10.00,0.00,0.50,99.00,0,0,0,0,0,0.00,999.00
16:54:05.902,399760.6798,4091870.8594,global,-3.88,-2.98,0.009,2.00,3.79,0.11,5.91,10.00,0.00,0.50,99.00,0,0,0,0,0,0.00,999.00
16:54:05.952,399760.6798,4091870.8594,global,-4.19,-2.98,0.009,2.00,3.83,-0.21,13.49,10.00,0.00,0.50,99.00,0,0,0,0,0,0.00,999.00
16:54:06.006,399760.6798,4091870.8594,global,-5.18,-2.98,0.009,2.00,3.83,-1.20,13.49,10.00,0.00,0.50,99.00,0,0,0,0,0,0.00,999.00
16:54:06.051,399760.6798,4091870.8594,global,-5.90,-2.98,0.009,2.00,3.91,-1.94,14.07,10.00,0.00,0.50,99.00,0,0,0,0,0,0.00,999.00
16:54:06.104,399760.8575,4091870.8351,global,-6.81,-2.98,-0.006,2.00,3.91,-4.43,14.07,10.00,0.00,0.50,99.00,0,0,0,0,0,0.00,999.00
16:54:06.152,399760.8575,4091870.8351,global,-7.41,-2.98,-0.006,2.00,3.91,-5.03,14.07,10.00,0.00,0.50,99.00,0,0,0,0,0,0.00,999.00
16:54:06.202,399760.8575,4091870.8351,global,-7.92,-2.98,-0.006,2.00,4.02,-5.53,1.18,10.00,0.00,0.50,99.00,0,0,0,0,0,0.00,999.00
16:54:06.255,399760.8575,4091870.8351,global,-7.89,-2.98,-0.006,2.00,4.02,-5.50,1.18,10.00,0.00,0.50,99.00,0,0,0,0,0,0.00,999.00
16:54:06.301,399760.8575,4091870.8351,global,-7.50,-2.98,-0.006,2.00,4.02,-5.11,-10.13,10.00,0.00,0.50,99.00,0,0,0,0,0,0.00,999.00
16:54:06.353,399761.0082,4091870.7779,global,-7.00,-15.14,-0.051,2.00,3.79,2.56,-10.13,10.00,0.00,0.50,99.00,0,0,0,0,0,0.00,999.00
16:54:06.409,399761.0082,4091870.7779,global,-5.75,-15.14,-0.051,2.00,3.79,3.80,-10.13,10.00,0.00,0.50,99.00,0,0,0,0,0,0.00,999.00
16:54:06.451,399761.0082,4091870.7779,global,-4.75,-15.14,-0.051,2.00,3.79,4.80,-12.57,10.00,0.00,0.50,99.00,0,0,0,0,0,0.00,999.00
16:54:06.501,399761.0082,4091870.7779,global,-3.60,-15.14,-0.051,2.00,3.94,6.16,-12.57,10.00,0.00,0.50,99.00,0,0,0,0,0,0.00,999.00
16:54:06.552,399761.1238,4091870.7654,global,-3.01,-5.59,-0.011,2.00,3.94,1.38,-12.57,10.00,0.00,0.50,99.00,0,0,0,0,0,0.00,999.00
16:54:06.601,399761.1238,4091870.7654,global,-2.87,-5.59,-0.011,2.00,4.44,1.66,2.55,10.00,0.00,0.50,99.00,0,0,0,0,0,0.00,999.00
16:54:06.651,399761.1238,4091870.7654,global,-3.06,-5.59,-0.011,2.00,4.44,1.47,2.55,10.00,0.00,0.50,99.00,0,0,0,0,0,0.00,999.00
16:54:06.701,399761.1238,4091870.7654,global,-3.84,-5.59,-0.011,2.00,3.99,0.57,14.87,10.00,0.00,0.50,99.00,0,0,0,0,0,0.00,999.00
16:54:06.751,399761.1238,4091870.7654,global,-4.71,-5.59,-0.011,2.00,3.99,-0.30,14.87,10.00,0.00,0.50,99.00,0,0,0,0,0,0.00,999.00
16:54:06.801,399761.1238,4091870.7654,global,-6.32,-5.59,-0.011,2.00,3.99,-1.91,14.87,10.00,0.00,0.50,99.00,0,0,0,0,0,0.00,999.00
16:54:06.852,399761.3101,4091870.7077,global,-7.10,-5.59,-0.051,2.00,4.15,-6.53,9.28,10.00,0.00,0.50,99.00,0,0,0,0,0,0.00,999.00
16:54:06.905,399761.3101,4091870.7077,global,-7.40,-5.59,-0.051,2.00,4.15,-6.83,9.28,10.00,0.00,0.50,99.00,0,0,0,0,0,0.00,999.00
16:54:06.954,399761.3101,4091870.7077,global,-7.26,-5.59,-0.051,2.00,4.11,-6.74,-3.12,10.00,0.00,0.50,99.00,0,0,0,0,0,0.00,999.00
16:54:07.001,399761.3101,4091870.7077,global,-6.86,-5.59,-0.051,2.00,4.11,-6.34,-3.12,10.00,0.00,0.50,99.00,0,0,0,0,0,0.00,999.00
16:54:07.051,399761.3101,4091870.7077,global,-6.35,-5.59,-0.051,2.00,4.11,-5.84,-3.12,10.00,0.00,0.50,99.00,0,0,0,0,0,0.00,999.00
16:54:07.101,399761.3987,4091870.6734,global,-5.13,-9.81,-0.084,2.00,3.90,-4.13,-13.85,10.00,0.00,0.50,99.00,0,0,0,0,0,0.00,999.00
16:54:07.153,399761.3987,4091870.6734,global,-4.67,-9.81,-0.084,2.00,3.90,-3.67,-13.85,10.00,0.00,0.50,99.00,0,0,0,0,0,0.00,999.00
16:54:07.201,399761.3987,4091870.6734,global,-3.20,-9.81,-0.084,2.00,3.99,-2.01,-12.51,10.00,0.00,0.50,99.00,0,0,0,0,0,0.00,999.00
16:54:07.251,399761.3987,4091870.6734,global,-2.65,-9.81,-0.084,2.00,3.99,-1.47,-12.51,10.00,0.00,0.50,99.00,0,0,0,0,0,0.00,999.00
16:54:07.301,399761.3987,4091870.6734,global,-2.01,-9.81,-0.084,2.00,3.99,-0.82,-12.51,10.00,0.00,0.50,99.00,0,0,0,0,0,0.00,999.00
16:54:07.351,399761.5143,4091870.6609,global,-1.31,-9.81,-0.077,2.00,3.99,0.63,-10.03,10.00,0.00,0.50,99.00,0,0,0,0,0,0.00,999.00
16:54:07.404,399761.5143,4091870.6609,global,-0.39,-9.81,-0.077,2.00,3.99,1.55,-10.03,10.00,0.00,0.50,99.00,0,0,0,0,0,0.00,999.00
16:54:07.451,399761.5143,4091870.6609,global,-0.04,-9.81,-0.077,2.00,4.15,2.19,-3.29,10.00,0.00,0.50,99.00,0,0,0,0,0,0.00,999.00
16:54:07.502,399761.5143,4091870.6609,global,0.24,-9.81,-0.077,2.00,4.15,2.48,-3.29,10.00,0.00,0.50,99.00,0,0,0,0,0,0.00,999.00
16:54:07.553,399761.5143,4091870.6609,global,0.27,-9.81,-0.077,2.00,4.03,2.28,4.88,10.00,0.00,0.50,99.00,0,0,0,0,0,0.00,999.00
16:54:07.601,399761.7371,4091870.6805,global,-0.04,-13.22,-0.022,2.00,4.03,10.89,4.88,10.00,0.00,0.50,99.00,0,0,0,0,0,0.00,999.00
16:54:07.651,399761.7371,4091870.6805,global,-0.64,-13.22,-0.022,2.00,4.03,10.29,4.88,10.00,0.00,0.50,99.00,0,0,0,0,0,0.00,999.00
16:54:07.704,399761.7371,4091870.6805,global,-1.04,-13.22,-0.022,2.00,4.04,9.90,6.00,10.00,0.00,0.50,99.00,0,0,0,0,0,0.00,999.00
16:54:07.751,399761.7371,4091870.6805,global,-1.31,-13.22,-0.022,2.00,4.04,9.63,6.00,10.00,0.00,0.50,99.00,0,0,0,0,0,0.00,999.00
16:54:07.801,399761.7371,4091870.6805,global,-1.32,-13.22,-0.022,2.00,3.99,9.59,5.94,10.00,0.00,0.50,99.00,0,0,0,0,0,0.00,999.00
16:54:07.852,399761.9239,4091870.6672,global,-1.59,-8.28,0.018,2.00,3.99,8.52,5.94,10.00,0.00,0.50,99.00,0,0,0,0,0,0.00,999.00
16:54:07.904,399761.9239,4091870.6672,global,-2.09,-8.28,0.018,2.00,4.03,8.00,11.01,10.00,0.00,0.50,99.00,0,0,0,0,0,0.00,999.00
16:54:07.956,399761.9239,4091870.6672,global,-2.65,-8.28,0.018,2.00,4.03,7.44,11.01,10.00,0.00,0.50,99.00,0,0,0,0,0,0.00,999.00
16:54:08.006,399761.9239,4091870.6672,global,-3.45,-8.28,0.018,2.00,4.03,6.64,11.97,10.00,0.00,0.50,99.00,0,0,0,0,0,0.00,999.00
16:54:08.053,399761.9239,4091870.6672,global,-4.01,-8.28,0.018,2.00,3.95,6.12,11.97,10.00,0.00,0.50,99.00,0,0,0,0,0,0.00,999.00
16:54:08.106,399762.1196,4091870.6538,global,-4.87,-8.28,0.033,2.00,3.95,6.81,11.97,10.00,0.00,0.50,99.00,0,0,0,0,0,0.00,999.00
16:54:08.156,399762.1196,4091870.6538,global,-5.44,-8.28,0.033,2.00,3.95,6.24,7.29,10.00,0.00,0.50,99.00,0,0,0,0,0,0.00,999.00
16:54:08.203,399762.1196,4091870.6538,global,-6.02,-8.28,0.033,2.00,4.21,5.45,7.29,10.00,0.00,0.50,99.00,0,0,0,0,0,0.00,999.00
16:54:08.252,399762.1196,4091870.6538,global,-6.22,-8.28,0.033,2.00,4.21,5.25,7.29,10.00,0.00,0.50,99.00,0,0,0,0,0,0.00,999.00
16:54:08.305,399762.1196,4091870.6538,global,-6.44,-8.28,0.033,2.00,4.18,5.06,1.47,10.00,0.00,0.50,99.00,0,0,0,0,0,0.00,999.00
16:54:08.355,399762.3506,4091870.6067,global,-6.49,-17.98,0.029,2.00,4.18,14.37,1.47,10.00,0.00,0.50,99.00,0,0,0,0,0,0.00,999.00
16:54:08.406,399762.3506,4091870.6067,global,-6.55,-17.98,0.029,2.00,3.99,14.44,1.28,10.00,0.00,0.50,99.00,0,0,0,0,0,0.00,999.00
16:54:08.453,399762.3506,4091870.6067,global,-6.65,-17.98,0.029,2.00,3.99,14.34,1.28,10.00,0.00,0.50,99.00,0,0,0,0,0,0.00,999.00
16:54:08.504,399762.3506,4091870.6067,global,-6.74,-17.98,0.029,2.00,4.23,14.08,3.78,10.00,0.00,0.50,99.00,0,0,0,0,0,0.00,999.00
16:54:08.552,399762.3506,4091870.6067,global,-6.84,-17.98,0.029,2.00,4.23,13.97,3.78,10.00,0.00,0.50,99.00,0,0,0,0,0,0.00,999.00
16:54:08.604,399762.5639,4091870.5820,global,-7.44,-23.24,0.072,2.00,4.23,22.00,3.78,10.00,0.00,0.50,99.00,0,0,0,0,0,0.00,999.00
16:54:08.655,399762.5639,4091870.5820,global,-8.07,-23.24,0.072,2.00,4.10,22.00,15.75,10.00,0.00,0.50,99.00,0,0,0,0,0,0.00,999.00
16:54:08.704,399762.5639,4091870.5820,global,-8.97,-23.24,0.072,2.00,4.10,21.44,15.75,10.00,0.00,0.50,99.00,0,0,0,0,0,0.00,999.00
16:54:08.752,399762.5639,4091870.5820,global,-9.70,-23.24,0.072,2.00,4.68,19.83,21.99,10.00,0.00,0.50,99.00,0,0,0,0,0,0.00,999.00
16:54:08.804,399762.5639,4091870.5820,global,-11.40,-23.24,0.072,2.00,4.68,18.13,21.99,10.00,0.00,0.50,99.00,0,0,0,0,0,0.00,999.00
16:54:08.882,399762.8656,4091870.4896,global,-12.84,-12.41,0.094,2.00,4.68,7.81,21.99,10.00,0.00,0.50,99.00,0,0,0,0,0,0.00,999.00
16:54:08.901,399762.8656,4091870.4896,global,-15.54,-12.41,0.094,2.00,4.59,5.27,21.99,10.00,0.00,0.50,99.00,0,0,0,0,0,0.00,999.00
16:54:08.951,399762.8656,4091870.4896,global,-16.64,-12.41,0.094,2.00,4.59,4.17,21.99,10.00,0.00,0.50,99.00,0,0,0,0,0,0.00,999.00
16:54:09.002,399762.8656,4091870.4896,global,-17.49,-12.41,0.094,2.00,4.10,4.31,16.01,10.00,0.00,0.50,99.00,0,0,0,0,0,0.00,999.00
16:54:09.051,399762.8656,4091870.4896,global,-18.62,-12.41,0.094,2.00,4.10,3.18,16.01,10.00,0.00,0.50,99.00,0,0,0,0,0,0.00,999.00
16:54:09.101,399763.1045,4091870.3648,global,-19.31,-24.84,0.047,2.00,4.43,9.93,6.57,10.00,0.00,0.50,99.00,0,0,0,0,0,0.00,999.00
16:54:09.151,399763.1045,4091870.3648,global,-19.70,-24.84,0.047,2.00,4.43,9.54,6.57,10.00,0.00,0.50,99.00,0,0,0,0,0,0.00,999.00
16:54:09.201,399763.1045,4091870.3648,global,-19.63,-24.84,0.047,2.00,4.19,9.87,-1.87,10.00,0.00,0.50,99.00,0,0,0,0,0,0.00,999.00
16:54:09.251,399763.1045,4091870.3648,global,-19.39,-24.84,0.047,2.00,4.19,10.10,-1.87,10.00,0.00,0.50,99.00,0,0,0,0,0,0.00,999.00
16:54:09.301,399763.1045,4091870.3648,global,-19.40,-24.84,0.047,2.00,4.19,10.10,-1.87,10.00,0.00,0.50,99.00,0,0,0,0,0,0.00,999.00
16:54:09.351,399763.2722,4091870.2407,global,-19.55,-17.33,-0.003,2.00,3.99,-2.57,10.70,10.00,0.00,0.50,99.00,0,0,0,0,0,0.00,999.00
16:54:09.403,399763.2722,4091870.2407,global,-20.31,-17.33,-0.003,2.00,3.99,-3.34,10.70,10.00,0.00,0.50,99.00,0,0,0,0,0,0.00,999.00
16:54:09.451,399763.2722,4091870.2407,global,-21.12,-17.33,-0.003,2.00,4.19,-4.13,21.34,10.00,0.00,0.50,99.00,0,0,0,0,0,0.00,999.00
16:54:09.501,399763.2722,4091870.2407,global,-23.47,-17.33,-0.003,2.00,4.19,-6.48,21.34,10.00,0.00,0.50,99.00,0,0,0,0,0,0.00,999.00
16:54:09.552,399763.2722,4091870.2407,global,-24.16,-17.33,-0.003,2.00,4.19,-7.17,21.34,10.00,0.00,0.50,99.00,0,0,0,0,0,0.00,999.00
16:54:09.604,399763.4484,4091870.0833,global,-25.90,-15.23,-0.103,2.00,4.54,-19.94,10.69,10.00,0.00,0.50,99.00,0,0,0,0,0,0.00,999.00
16:54:09.651,399763.4484,4091870.0833,global,-26.37,-15.23,-0.103,2.00,4.54,-20.41,10.69,10.00,0.00,0.50,99.00,0,0,0,0,0,0.00,999.00
16:54:09.703,399763.4484,4091870.0833,global,-26.41,-15.23,-0.103,2.00,4.19,-21.21,-2.51,10.00,0.00,0.50,99.00,0,0,0,0,0,0.00,999.00
16:54:09.751,399763.4484,4091870.0833,global,-26.12,-15.23,-0.103,2.00,4.19,-20.91,-2.51,10.00,0.00,0.50,99.00,0,0,0,0,0,0.00,999.00
16:54:09.801,399763.6869,4091869.9252,global,-25.28,-28.78,-0.176,2.00,4.19,-13.33,-2.51,10.00,0.00,0.50,99.00,0,0,0,0,0,0.00,999.00
16:54:09.852,399763.6869,4091869.9252,global,-24.84,-28.78,-0.176,2.00,4.26,-12.62,-20.15,10.00,0.00,0.50,99.00,0,0,0,0,0,0.00,999.00
16:54:09.904,399763.6869,4091869.9252,global,-23.14,-28.78,-0.176,2.00,4.26,-10.92,-20.15,10.00,0.00,0.50,99.00,0,0,0,0,0,0.00,999.00
16:54:09.954,399763.6869,4091869.9252,global,-21.62,-28.78,-0.176,2.00,4.55,-8.42,-21.92,10.00,0.00,0.50,99.00,0,0,0,0,0,0.00,999.00
16:54:10.004,399763.6869,4091869.9252,global,-18.94,-28.78,-0.176,2.00,4.55,-5.74,-21.92,10.00,0.00,0.50,99.00,0,0,0,0,0,0.00,999.00
16:54:10.052,399763.6869,4091869.9252,global,-17.19,-28.78,-0.176,2.00,3.63,-7.67,-20.17,10.00,0.00,0.50,99.00,0,0,0,0,0,0.00,999.00
16:54:10.102,399764.0597,4091869.8320,global,-15.10,-14.67,-0.069,2.00,3.63,-8.21,-20.17,10.00,0.00,0.50,99.00,0,0,0,0,0,0.00,999.00
16:54:10.154,399764.0597,4091869.8320,global,-14.28,-14.67,-0.069,2.00,3.63,-7.39,-20.17,10.00,0.00,0.50,99.00,0,0,0,0,0,0.00,999.00
16:54:10.205,399764.0597,4091869.8320,global,-13.58,-14.67,-0.069,2.00,4.54,-5.14,-4.28,10.00,0.00,0.50,99.00,0,0,0,0,0,0.00,999.00
16:54:10.253,399764.0597,4091869.8320,global,-13.33,-14.67,-0.069,2.00,4.54,-4.89,-4.28,10.00,0.00,0.50,99.00,0,0,0,0,0,0.00,999.00
16:54:10.303,399764.0597,4091869.8320,global,-13.29,-14.67,-0.069,2.00,4.43,-5.00,4.34,10.00,0.00,0.50,99.00,0,0,0,0,0,0.00,999.00
16:54:10.354,399764.2633,4091869.7297,global,-13.58,-24.67,-0.132,2.00,4.43,-0.98,4.34,10.00,0.00,0.50,99.00,0,0,0,0,0,0.00,999.00
16:54:10.404,399764.2633,4091869.7297,global,-14.12,-24.67,-0.132,2.00,4.43,-1.53,-0.01,10.00,0.00,0.50,99.00,0,0,0,0,0,0.00,999.00
16:54:10.458,399764.2633,4091869.7297,global,-14.26,-24.67,-0.132,2.00,4.43,-1.67,-0.01,10.00,0.00,0.50,99.00,0,0,0,0,0,0.00,999.00
16:54:10.501,399764.2633,4091869.7297,global,-13.81,-24.67,-0.132,2.00,4.43,-1.21,-8.69,10.00,0.00,0.50,99.00,0,0,0,0,0,0.00,999.00
16:54:10.552,399764.2633,4091869.7297,global,-13.25,-24.67,-0.132,2.00,4.19,-1.33,-8.69,10.00,0.00,0.50,99.00,0,0,0,0,0,0.00,999.00
16:54:10.604,399764.5111,4091869.6047,global,-12.30,-23.93,-0.141,2.00,4.19,-1.98,-8.69,10.00,0.00,0.50,99.00,0,0,0,0,0,0.00,999.00
16:54:10.654,399764.5111,4091869.6047,global,-11.59,-23.93,-0.141,2.00,4.29,-0.96,-9.28,10.00,0.00,0.50,99.00,0,0,0,0,0,0.00,999.00
16:54:10.706,399764.5111,4091869.6047,global,-10.60,-23.93,-0.141,2.00,4.29,0.03,-9.28,10.00,0.00,0.50,99.00,0,0,0,0,0,0.00,999.00
16:54:10.751,399764.5111,4091869.6047,global,-10.24,-23.93,-0.141,2.00,4.48,0.92,-1.15,10.00,0.00,0.50,99.00,0,0,0,0,0,0.00,999.00
16:54:10.803,399764.7421,4091869.5687,global,-10.26,-19.06,-0.069,2.00,4.48,2.49,-1.15,10.00,0.00,0.50,99.00,0,0,0,0,0,0.00,999.00
16:54:10.852,399764.7421,4091869.5687,global,-10.34,-19.06,-0.069,2.00,4.48,2.41,-1.15,10.00,0.00,0.50,99.00,0,0,0,0,0,0.00,999.00
16:54:10.905,399764.7421,4091869.5687,global,-10.72,-19.06,-0.069,2.00,4.13,1.50,10.33,10.00,0.00,0.50,99.00,0,0,0,0,0,0.00,999.00
16:54:10.951,399764.7421,4091869.5687,global,-11.22,-19.06,-0.069,2.00,4.13,1.00,10.33,10.00,0.00,0.50,99.00,0,0,0,0,0,0.00,999.00
16:54:11.005,399764.7421,4091869.5687,global,-12.36,-19.06,-0.069,2.00,4.13,-0.15,10.33,10.00,0.00,0.50,99.00,0,0,0,0,0,0.00,999.00
16:54:11.051,399764.7421,4091869.5687,global,-13.78,-19.06,-0.069,2.00,4.29,-1.31,14.24,10.00,0.00,0.50,99.00,0,0,0,0,0,0.00,999.00
16:54:11.101,399764.9808,4091869.4217,global,-14.94,-19.06,-0.130,2.00,4.29,-8.19,14.24,10.00,0.00,0.50,99.00,0,0,0,0,0,0.00,999.00
16:54:11.152,399764.9808,4091869.4217,global,-15.14,-19.06,-0.130,2.00,4.29,-8.38,14.24,10.00,0.00,0.50,99.00,0,0,0,0,0,0.00,999.00
16:54:11.207,399764.9808,4091869.4217,global,-15.29,-19.06,-0.130,2.00,4.57,-7.79,-2.03,10.00,0.00,0.50,99.00,0,0,0,0,0,0.00,999.00
16:54:11.252,399764.9808,4091869.4217,global,-15.21,-19.06,-0.130,2.00,4.57,-7.71,-2.03,10.00,0.00,0.50,99.00,0,0,0,0,0,0.00,999.00
16:54:11.303,399764.9808,4091869.4217,global,-14.53,-19.06,-0.130,2.00,4.15,-8.17,-14.37,10.00,0.00,0.50,99.00,0,0,0,0,0,0.00,999.00
16:54:11.352,399765.2027,4091869.3636,global,-13.70,-23.93,-0.105,2.00,4.15,-0.07,-14.37,10.00,0.00,0.50,99.00,0,0,0,0,0,0.00,999.00
16:54:11.404,399765.2027,4091869.3636,global,-11.96,-23.93,-0.105,2.00,4.15,1.68,-14.37,10.00,0.00,0.50,99.00,0,0,0,0,0,0.00,999.00
16:54:11.453,399765.2027,4091869.3636,global,-10.97,-23.93,-0.105,2.00,4.15,2.66,-6.88,10.00,0.00,0.50,99.00,0,0,0,0,0,0.00,999.00
16:54:11.504,399765.2027,4091869.3636,global,-10.35,-23.93,-0.105,2.00,4.89,4.81,-6.88,10.00,0.00,0.50,99.00,0,0,0,0,0,0.00,999.00
16:54:11.554,399765.2027,4091869.3636,global,-10.29,-23.93,-0.105,2.00,4.89,4.86,5.21,10.00,0.00,0.50,99.00,0,0,0,0,0,0.00,999.00
16:54:11.604,399765.4065,4091869.2835,global,-10.62,-29.13,-0.092,2.00,4.99,10.94,5.21,10.00,0.00,0.50,99.00,0,0,0,0,0,0.00,999.00
16:54:11.651,399765.4065,4091869.2835,global,-11.16,-29.13,-0.092,2.00,4.99,10.40,5.21,10.00,0.00,0.50,99.00,0,0,0,0,0,0.00,999.00
16:54:11.701,399765.4065,4091869.2835,global,-12.30,-29.13,-0.092,2.00,4.35,8.17,8.39,10.00,0.00,0.50,99.00,0,0,0,0,0,0.00,999.00
16:54:11.751,399765.4065,4091869.2835,global,-13.05,-29.13,-0.092,2.00,4.35,7.42,8.39,10.00,0.00,0.50,99.00,0,0,0,0,0,0.00,999.00
16:54:11.801,399765.4065,4091869.2835,global,-13.17,-29.13,-0.092,2.00,4.59,7.74,5.65,10.00,0.00,0.50,99.00,0,0,0,0,0,0.00,999.00
16:54:11.854,399765.5654,4091869.1707,global,-13.26,-17.98,-0.111,2.00,4.59,-5.17,5.65,10.00,0.00,0.50,99.00,0,0,0,0,0,0.00,999.00
16:54:11.905,399765.5654,4091869.1707,global,-13.92,-17.98,-0.111,2.00,4.59,-5.83,7.23,10.00,0.00,0.50,99.00,0,0,0,0,0,0.00,999.00
16:54:11.951,399765.5654,4091869.1707,global,-14.37,-17.98,-0.111,2.00,4.39,-6.72,7.23,10.00,0.00,0.50,99.00,0,0,0,0,0,0.00,999.00
16:54:12.002,399765.5654,4091869.1707,global,-15.02,-17.98,-0.111,2.00,4.39,-7.38,7.23,10.00,0.00,0.50,99.00,0,0,0,0,0,0.00,999.00
16:54:12.051,399765.5654,4091869.1707,global,-14.96,-17.98,-0.111,2.00,4.46,-7.15,-3.75,10.00,0.00,0.50,99.00,0,0,0,0,0,0.00,999.00
16:54:12.105,399765.6976,4091869.0581,global,-14.63,-17.98,-0.177,2.00,4.46,-12.63,-3.75,10.00,0.00,0.50,99.00,0,0,0,0,0,0.00,999.00
16:54:12.155,399765.6976,4091869.0581,global,-14.08,-17.98,-0.177,2.00,4.50,-11.94,-13.67,10.00,0.00,0.50,99.00,0,0,0,0,0,0.00,999.00
16:54:12.202,399765.6976,4091869.0581,global,-12.88,-17.98,-0.177,2.00,4.50,-10.74,-13.67,10.00,0.00,0.50,99.00,0,0,0,0,0,0.00,999.00
16:54:12.251,399765.6976,4091869.0581,global,-11.23,-17.98,-0.177,2.00,4.50,-9.09,-13.67,10.00,0.00,0.50,99.00,0,0,0,0,0,0.00,999.00
16:54:12.304,399765.6976,4091869.0581,global,-9.76,-17.98,-0.177,2.00,4.49,-7.65,-22.00,10.00,0.00,0.50,99.00,0,0,0,0,0,0.00,999.00
16:54:12.352,399765.9917,4091869.0769,global,-8.16,-18.58,-0.068,2.00,4.49,4.24,-22.00,10.00,0.00,0.50,99.00,0,0,0,0,0,0.00,999.00
16:54:12.404,399765.9917,4091869.0769,global,-5.75,-18.58,-0.068,2.00,4.59,6.77,-21.89,10.00,0.00,0.50,99.00,0,0,0,0,0,0.00,999.00
16:54:12.452,399765.9917,4091869.0769,global,-4.41,-18.58,-0.068,2.00,4.59,8.11,-21.89,10.00,0.00,0.50,99.00,0,0,0,0,0,0.00,999.00
16:54:12.505,399765.9917,4091869.0769,global,-2.50,-18.58,-0.068,2.00,6.05,11.48,-14.32,10.00,0.00,0.50,99.00,0,0,0,0,0,0.00,999.00
16:54:12.554,399765.9917,4091869.0769,global,-1.52,-18.58,-0.068,2.00,6.05,12.46,-14.32,10.00,0.00,0.50,99.00,0,0,0,0,0,0.00,999.00
16:54:12.604,399766.1964,4091869.0744,global,-0.58,-23.24,-0.000,2.00,4.39,22.00,-2.27,10.00,0.00,0.50,99.00,0,0,0,0,0,0.00,999.00
16:54:12.651,399766.1964,4091869.0744,global,-0.57,-23.24,-0.000,2.00,4.39,22.00,-2.27,10.00,0.00,0.50,99.00,0,0,0,0,0,0.00,999.00
16:54:12.704,399766.1964,4091869.0744,global,-0.77,-23.24,-0.000,2.00,4.39,22.00,-2.27,10.00,0.00,0.50,99.00,0,0,0,0,0,0.00,999.00
16:54:12.751,399766.1964,4091869.0744,global,-1.59,-23.24,-0.000,2.00,4.95,21.65,17.09,10.00,0.00,0.50,99.00,0,0,0,0,0,0.00,999.00
16:54:12.801,399766.3027,4091869.0288,global,-3.08,-14.24,0.014,2.00,4.95,12.29,17.09,10.00,0.00,0.50,99.00,0,0,0,0,0,0.00,999.00
16:54:12.851,399766.3027,4091869.0288,global,-3.68,-14.24,0.014,2.00,4.95,11.69,17.09,10.00,0.00,0.50,99.00,0,0,0,0,0,0.00,999.00
16:54:12.905,399766.3027,4091869.0288,global,-6.03,-14.24,0.014,2.00,5.12,9.30,21.99,10.00,0.00,0.50,99.00,0,0,0,0,0,0.00,999.00
16:54:12.953,399766.3027,4091869.0288,global,-7.83,-14.24,0.014,2.00,5.12,7.50,21.99,10.00,0.00,0.50,99.00,0,0,0,0,0,0.00,999.00
16:54:13.001,399766.3027,4091869.0288,global,-10.39,-14.24,0.014,2.00,5.14,4.94,17.47,10.00,0.00,0.50,99.00,0,0,0,0,0,0.00,999.00
16:54:13.052,399766.3027,4091869.0288,global,-10.74,-14.24,0.014,2.00,5.14,4.59,17.47,10.00,0.00,0.50,99.00,0,0,0,0,0,0.00,999.00
16:54:13.101,399766.4350,4091868.9274,global,-11.91,-14.24,-0.052,2.00,4.03,-3.00,6.31,10.00,0.00,0.50,99.00,0,0,0,0,0,0.00,999.00
16:54:13.152,399766.4350,4091868.9274,global,-12.18,-14.24,-0.052,2.00,4.03,-3.26,6.31,10.00,0.00,0.50,99.00,0,0,0,0,0,0.00,999.00
16:54:13.206,399766.4350,4091868.9274,global,-12.15,-14.24,-0.052,2.00,4.03,-3.24,6.31,10.00,0.00,0.50,99.00,0,0,0,0,0,0.00,999.00
16:54:13.251,399766.4350,4091868.9274,global,-11.69,-14.24,-0.052,2.00,4.82,-1.91,-7.78,10.00,0.00,0.50,99.00,0,0,0,0,0,0.00,999.00
16:54:13.301,399766.5136,4091868.7933,global,-10.88,-8.28,-0.151,2.00,4.82,-15.29,-7.78,10.00,0.00,0.50,99.00,0,0,0,0,0,0.00,999.00
16:54:13.385,399766.5136,4091868.7933,global,-10.57,-8.28,-0.151,2.00,4.82,-14.98,-7.78,10.00,0.00,0.50,99.00,0,0,0,0,0,0.00,999.00
16:54:13.401,399766.5136,4091868.7933,global,-10.25,-8.28,-0.151,2.00,4.82,-14.66,-7.78,10.00,0.00,0.50,99.00,0,0,0,0,0,0.00,999.00
16:54:13.451,399766.5136,4091868.7933,global,-7.92,-8.28,-0.151,2.00,4.35,-13.66,-18.30,10.00,0.00,0.50,99.00,0,0,0,0,0,0.00,999.00
16:54:13.505,399766.5136,4091868.7933,global,-6.63,-8.28,-0.151,2.00,4.35,-12.37,-18.30,10.00,0.00,0.50,99.00,0,0,0,0,0,0.00,999.00
16:54:13.554,399766.5136,4091868.7933,global,-5.21,-8.28,-0.151,2.00,4.35,-10.96,-22.00,10.00,0.00,0.50,99.00,0,0,0,0,0,0.00,999.00
16:54:13.603,399766.7271,4091868.7797,global,-2.71,-8.28,-0.134,2.00,4.58,-6.28,-22.00,10.00,0.00,0.50,99.00,0,0,0,0,0,0.00,999.00
16:54:13.652,399766.7271,4091868.7797,global,-0.17,-8.28,-0.134,2.00,4.03,-5.30,-21.62,10.00,0.00,0.50,99.00,0,0,0,0,0,0.00,999.00
16:54:13.701,399766.7271,4091868.7797,global,1.85,-8.28,-0.134,2.00,4.03,-3.28,-21.62,10.00,0.00,0.50,99.00,0,0,0,0,0,0.00,999.00
16:54:13.751,399766.7271,4091868.7797,global,2.63,-8.28,-0.134,2.00,4.03,-2.51,-21.62,10.00,0.00,0.50,99.00,0,0,0,0,0,0.00,999.00
16:54:13.801,399766.7271,4091868.7797,global,3.47,-8.28,-0.134,2.00,5.34,1.54,-6.77,10.00,0.00,0.50,99.00,0,0,0,0,0,0.00,999.00
16:54:13.852,399766.8521,4091868.8115,global,3.66,1.63,-0.075,2.00,5.34,-3.78,-6.77,10.00,0.00,0.50,99.00,0,0,0,0,0,0.00,999.00
16:54:13.907,399766.8521,4091868.8115,global,3.93,1.63,-0.075,2.00,4.59,-4.44,4.25,10.00,0.00,0.50,99.00,0,0,0,0,0,0.00,999.00
16:54:13.956,399766.8521,4091868.8115,global,3.71,1.63,-0.075,2.00,4.59,-4.66,4.25,10.00,0.00,0.50,99.00,0,0,0,0,0,0.00,999.00
16:54:14.002,399766.8521,4091868.8115,global,2.88,1.63,-0.075,2.00,4.59,-5.49,12.22,10.00,0.00,0.50,99.00,0,0,0,0,0,0.00,999.00
16:54:14.051,399766.8521,4091868.8115,global,2.18,1.63,-0.075,2.00,4.94,-5.72,12.22,10.00,0.00,0.50,99.00,0,0,0,0,0,0.00,999.00
16:54:14.103,399767.0388,4091868.7871,global,1.14,1.63,-0.105,2.00,4.94,-9.19,12.22,10.00,0.00,0.50,99.00,0,0,0,0,0,0.00,999.00
16:54:14.151,399767.0388,4091868.7871,global,0.14,1.63,-0.105,2.00,4.26,-11.55,9.93,10.00,0.00,0.50,99.00,0,0,0,0,0,0.00,999.00
16:54:14.201,399767.0388,4091868.7871,global,-0.66,1.63,-0.105,2.00,4.26,-12.35,9.93,10.00,0.00,0.50,99.00,0,0,0,0,0,0.00,999.00
16:54:14.251,399767.0388,4091868.7871,global,-0.76,1.63,-0.105,2.00,4.26,-12.46,9.93,10.00,0.00,0.50,99.00,0,0,0,0,0,0.00,999.00
16:54:14.303,399767.0388,4091868.7871,global,-0.66,1.63,-0.105,2.00,4.71,-11.41,-5.92,10.00,0.00,0.50,99.00,0,0,0,0,0,0.00,999.00
16:54:14.352,399767.1804,4091868.7188,global,-0.30,6.93,-0.176,2.00,4.71,-22.00,-5.92,10.00,0.00,0.50,99.00,0,0,0,0,0,0.00,999.00
16:54:14.405,399767.1804,4091868.7188,global,0.67,6.93,-0.176,2.00,4.19,-22.00,-16.87,10.00,0.00,0.50,99.00,0,0,0,0,0,0.00,999.00
16:54:14.453,399767.1804,4091868.7188,global,1.66,6.93,-0.176,2.00,4.19,-22.00,-16.87,10.00,0.00,0.50,99.00,0,0,0,0,0,0.00,999.00
16:54:14.502,399767.1804,4091868.7188,global,4.48,6.93,-0.176,2.00,5.19,-16.17,-19.62,10.00,0.00,0.50,99.00,0,0,0,0,0,0.00,999.00
16:54:14.553,399767.1804,4091868.7188,global,5.23,6.93,-0.176,2.00,5.19,-15.42,-19.62,10.00,0.00,0.50,99.00,0,0,0,0,0,0.00,999.00
16:54:14.603,399767.3320,4091868.7392,global,7.21,15.97,-0.153,2.00,4.07,-22.00,-17.19,10.00,0.00,0.50,99.00,0,0,0,0,0,0.00,999.00
16:54:14.652,399767.3320,4091868.7392,global,8.76,15.97,-0.153,2.00,4.07,-22.00,-17.19,10.00,0.00,0.50,99.00,0,0,0,0,0,0.00,999.00
16:54:14.702,399767.3320,4091868.7392,global,9.63,15.97,-0.153,2.00,4.07,-21.45,-17.19,10.00,0.00,0.50,99.00,0,0,0,0,0,0.00,999.00
16:54:14.751,399767.3320,4091868.7392,global,10.67,15.97,-0.153,2.00,4.68,-18.53,-12.87,10.00,0.00,0.50,99.00,0,0,0,0,0,0.00,999.00
16:54:14.803,399767.3320,4091868.7392,global,11.34,15.97,-0.153,2.00,4.68,-17.86,-12.87,10.00,0.00,0.50,99.00,0,0,0,0,0,0.00,999.00
16:54:14.852,399767.5194,4091868.7703,global,12.87,15.97,-0.174,2.00,4.68,-18.11,-18.30,10.00,0.00,0.50,99.00,0,0,0,0,0,0.00,999.00
16:54:14.906,399767.5194,4091868.7703,global,14.09,15.97,-0.174,2.00,4.68,-16.89,-18.30,10.00,0.00,0.50,99.00,0,0,0,0,0,0.00,999.00
16:54:14.953,399767.5194,4091868.7703,global,15.31,15.97,-0.174,2.00,4.68,-15.67,-22.00,10.00,0.00,0.50,99.00,0,0,0,0,0,0.00,999.00
16:54:15.005,399767.5194,4091868.7703,global,17.28,15.97,-0.174,2.00,4.35,-14.80,-22.00,10.00,0.00,0.50,99.00,0,0,0,0,0,0.00,999.00
16:54:15.052,399767.5194,4091868.7703,global,18.68,15.97,-0.174,2.00,4.35,-13.39,-22.00,10.00,0.00,0.50,99.00,0,0,0,0,0,0.00,999.00
16:54:15.101,399767.5734,4091868.8252,global,21.35,15.97,-0.136,2.00,4.57,-6.76,-18.57,10.00,0.00,0.50,99.00,0,0,0,0,0,0.00,999.00
16:54:15.152,399767.5734,4091868.8252,global,21.96,15.97,-0.136,2.00,4.57,-6.15,-18.57,10.00,0.00,0.50,99.00,0,0,0,0,0,0.00,999.00
16:54:15.205,399767.5734,4091868.8252,global,23.43,15.97,-0.136,2.00,4.59,-4.63,-12.55,10.00,0.00,0.50,99.00,0,0,0,0,0,0.00,999.00
16:54:15.252,399767.5734,4091868.8252,global,24.53,15.97,-0.136,2.00,4.59,-3.52,-12.55,10.00,0.00,0.50,99.00,0,0,0,0,0,0.00,999.00
16:54:15.301,399767.5734,4091868.8252,global,25.20,15.97,-0.136,2.00,4.59,-2.86,-12.55,10.00,0.00,0.50,99.00,0,0,0,0,0,0.00,999.00
16:54:15.352,399767.6905,4091868.9347,global,25.29,28.61,-0.066,2.00,5.58,-8.17,0.91,10.00,0.00,0.50,99.00,0,0,0,0,0,0.00,999.00
16:54:15.404,399767.6905,4091868.9347,global,25.23,28.61,-0.066,2.00,5.58,-8.23,0.91,10.00,0.00,0.50,99.00,0,0,0,0,0,0.00,999.00
16:54:15.452,399767.6905,4091868.9347,global,24.98,28.61,-0.066,2.00,4.70,-9.39,9.95,10.00,0.00,0.50,99.00,0,0,0,0,0,0.00,999.00
16:54:15.501,399767.6905,4091868.9347,global,23.87,28.61,-0.066,2.00,4.70,-10.50,9.95,10.00,0.00,0.50,99.00,0,0,0,0,0,0.00,999.00
16:54:15.551,399767.6905,4091868.9347,global,23.50,28.61,-0.066,2.00,4.70,-10.87,9.95,10.00,0.00,0.50,99.00,0,0,0,0,0,0.00,999.00
16:54:15.601,399767.8163,4091869.0331,global,22.77,25.32,-0.042,2.00,4.32,-6.55,-0.58,10.00,0.00,0.50,99.00,0,0,0,0,0,0.00,999.00
16:54:15.652,399767.8163,4091869.0331,global,22.92,25.32,-0.042,2.00,4.32,-6.41,-0.58,10.00,0.00,0.50,99.00,0,0,0,0,0,0.00,999.00
16:54:15.705,399767.8163,4091869.0331,global,23.68,25.32,-0.042,2.00,4.59,-5.42,-12.63,10.00,0.00,0.50,99.00,0,0,0,0,0,0.00,999.00
16:54:15.751,399767.8163,4091869.0331,global,24.86,25.32,-0.042,2.00,4.59,-4.23,-12.63,10.00,0.00,0.50,99.00,0,0,0,0,0,0.00,999.00
16:54:15.803,399767.8163,4091869.0331,global,25.96,25.32,-0.042,2.00,4.59,-3.14,-12.63,10.00,0.00,0.50,99.00,0,0,0,0,0,0.00,999.00
16:54:15.851,399767.8439,4091869.1104,global,27.17,25.32,0.016,2.00,4.61,3.28,-12.44,10.00,0.00,0.50,99.00,0,0,0,0,0,0.00,999.00
16:54:15.901,399767.8439,4091869.1104,global,28.55,25.32,0.016,2.00,4.61,4.67,-12.44,10.00,0.00,0.50,99.00,0,0,0,0,0,0.00,999.00
16:54:15.952,399767.8439,4091869.1104,global,28.96,25.32,0.016,2.00,4.43,5.14,-3.08,10.00,0.00,0.50,99.00,0,0,0,0,0,0.00,999.00
16:54:16.001,399767.8439,4091869.1104,global,29.20,25.32,0.016,2.00,4.43,5.38,-3.08,10.00,0.00,0.50,99.00,0,0,0,0,0,0.00,999.00
16:54:16.052,399767.8439,4091869.1104,global,29.15,25.32,0.016,2.00,4.43,5.33,-3.08,10.00,0.00,0.50,99.00,0,0,0,0,0,0.00,999.00
16:54:16.102,399767.9964,4091869.2085,global,28.53,30.21,0.042,2.00,4.81,1.91,12.96,10.00,0.00,0.50,99.00,0,0,0,0,0,0.00,999.00
16:54:16.151,399767.9964,4091869.2085,global,27.32,30.21,0.042,2.00,4.81,0.70,12.96,10.00,0.00,0.50,99.00,0,0,0,0,0,0.00,999.00
16:54:16.204,399767.9964,4091869.2085,global,26.37,30.21,0.042,2.00,4.84,-0.28,20.55,10.00,0.00,0.50,99.00,0,0,0,0,0,0.00,999.00
16:54:16.251,399767.9964,4091869.2085,global,24.55,30.21,0.042,2.00,4.84,-2.09,20.55,10.00,0.00,0.50,99.00,0,0,0,0,0,0.00,999.00
16:54:16.301,399768.0236,4091869.2526,global,23.00,30.21,0.066,2.00,4.28,-0.84,10.89,10.00,0.00,0.50,99.00,0,0,0,0,0,0.00,999.00
16:54:16.353,399768.0236,4091869.2526,global,22.77,30.21,0.066,2.00,4.28,-1.07,10.89,10.00,0.00,0.50,99.00,0,0,0,0,0,0.00,999.00
16:54:16.404,399768.0236,4091869.2526,global,22.70,30.21,0.066,2.00,4.59,-1.58,-2.18,10.00,0.00,0.50,99.00,0,0,0,0,0,0.00,999.00
16:54:16.454,399768.0236,4091869.2526,global,22.93,30.21,0.066,2.00,4.59,-1.35,-2.18,10.00,0.00,0.50,99.00,0,0,0,0,0,0.00,999.00
16:54:16.501,399768.0236,4091869.2526,global,23.95,30.21,0.066,2.00,4.23,0.17,-11.76,10.00,0.00,0.50,99.00,0,0,0,0,0,0.00,999.00
16:54:16.551,399768.1137,4091869.3403,global,24.76,37.74,0.111,2.00,4.23,-2.24,-11.76,10.00,0.00,0.50,99.00,0,0,0,0,0,0.00,999.00
16:54:16.601,399768.1137,4091869.3403,global,25.96,37.74,0.111,2.00,4.23,-1.04,-11.76,10.00,0.00,0.50,99.00,0,0,0,0,0,0.00,999.00
16:54:16.651,399768.1137,4091869.3403,global,26.47,37.74,0.111,2.00,4.32,-0.76,-3.92,10.00,0.00,0.50,99.00,0,0,0,0,0,0.00,999.00
16:54:16.733,399768.1137,4091869.3403,global,26.69,37.74,0.111,2.00,4.32,-0.53,-3.92,10.00,0.00,0.50,99.00,0,0,0,0,0,0.00,999.00
16:54:16.750,399768.1137,4091869.3403,global,26.64,37.74,0.111,2.00,4.35,-0.65,6.28,10.00,0.00,0.50,99.00,0,0,0,0,0,0.00,999.00
16:54:16.801,399768.2044,4091869.4834,global,26.02,37.74,0.169,2.00,4.35,3.92,6.28,10.00,0.00,0.50,99.00,0,0,0,0,0,0.00,999.00
16:54:16.852,399768.2044,4091869.4834,global,25.39,37.74,0.169,2.00,4.35,3.30,6.28,10.00,0.00,0.50,99.00,0,0,0,0,0,0.00,999.00
16:54:16.901,399768.2044,4091869.4834,global,24.74,37.74,0.169,2.00,4.43,2.37,8.05,10.00,0.00,0.50,99.00,0,0,0,0,0,0.00,999.00
16:54:16.952,399768.2044,4091869.4834,global,24.05,37.74,0.169,2.00,4.43,1.68,8.05,10.00,0.00,0.50,99.00,0,0,0,0,0,0.00,999.00
16:54:17.003,399768.2044,4091869.4834,global,24.04,37.74,0.169,2.00,4.39,1.80,1.43,10.00,0.00,0.50,99.00,0,0,0,0,0,0.00,999.00
16:54:17.052,399768.2044,4091869.4834,global,24.11,37.74,0.169,2.00,4.39,1.87,1.43,10.00,0.00,0.50,99.00,0,0,0,0,0,0.00,999.00
16:54:17.105,399768.4193,4091869.5807,global,24.10,42.84,0.111,2.00,4.39,-8.41,1.43,10.00,0.00,0.50,99.00,0,0,0,0,0,0.00,999.00
16:54:17.154,399768.4193,4091869.5807,global,24.14,42.84,0.111,2.00,4.39,-8.37,-3.34,10.00,0.00,0.50,99.00,0,0,0,0,0,0.00,999.00
16:54:17.208,399768.4193,4091869.5807,global,24.50,42.84,0.111,2.00,4.42,-8.08,-3.34,10.00,0.00,0.50,99.00,0,0,0,0,0,0.00,999.00
16:54:17.251,399768.4193,4091869.5807,global,24.83,42.84,0.111,2.00,4.42,-7.75,-5.99,10.00,0.00,0.50,99.00,0,0,0,0,0,0.00,999.00
16:54:17.302,399768.4193,4091869.5807,global,25.31,42.84,0.111,2.00,4.59,-7.64,-5.99,10.00,0.00,0.50,99.00,0,0,0,0,0,0.00,999.00
16:54:17.354,399768.6964,4091869.6773,global,25.66,38.33,-0.002,2.00,4.59,-12.87,-5.99,10.00,0.00,0.50,99.00,0,0,0,0,0,0.00,999.00
16:54:17.405,399768.6964,4091869.6773,global,26.30,38.33,-0.002,2.00,4.57,-12.23,-6.04,10.00,0.00,0.50,99.00,0,0,0,0,0,0.00,999.00
16:54:17.452,399768.6964,4091869.6773,global,26.69,38.33,-0.002,2.00,4.57,-11.83,-6.04,10.00,0.00,0.50,99.00,0,0,0,0,0,0.00,999.00
16:54:17.504,399768.6964,4091869.6773,global,27.22,38.33,-0.002,2.00,4.57,-11.31,-6.04,10.00,0.00,0.50,99.00,0,0,0,0,0,0.00,999.00
16:54:17.555,399768.6964,4091869.6773,global,27.52,38.33,-0.002,2.00,4.57,-11.00,-6.48,10.00,0.00,0.50,99.00,0,0,0,0,0,0.00,999.00
16:54:17.603,399768.8763,4091869.8305,global,28.01,54.02,-0.011,2.00,4.37,-22.00,-6.48,10.00,0.00,0.50,99.00,0,0,0,0,0,0.00,999.00
16:54:17.654,399768.8763,4091869.8305,global,28.42,54.02,-0.011,2.00,4.37,-22.00,-7.88,10.00,0.00,0.50,99.00,0,0,0,0,0,0.00,999.00
16:54:17.706,399768.8763,4091869.8305,global,29.13,54.02,-0.011,2.00,4.59,-22.00,-7.88,10.00,0.00,0.50,99.00,0,0,0,0,0,0.00,999.00
16:54:17.752,399768.8763,4091869.8305,global,29.79,54.02,-0.011,2.00,4.84,-22.00,-12.91,10.00,0.00,0.50,99.00,0,0,0,0,0,0.00,999.00
16:54:17.802,399768.8763,4091869.8305,global,30.45,54.02,-0.011,2.00,4.84,-22.00,-12.91,10.00,0.00,0.50,99.00,0,0,0,0,0,0.00,999.00
16:54:17.853,399768.9130,4091869.9300,global,31.42,52.08,0.016,2.00,4.84,-19.33,-12.91,10.00,0.00,0.50,99.00,0,0,0,0,0,0.00,999.00
16:54:17.907,399768.9130,4091869.9300,global,33.56,52.08,0.016,2.00,4.32,-17.03,-21.67,10.00,0.00,0.50,99.00,0,0,0,0,0,0.00,999.00
16:54:17.953,399768.9130,4091869.9300,global,35.30,52.08,0.016,2.00,4.32,-15.29,-21.67,10.00,0.00,0.50,99.00,0,0,0,0,0,0.00,999.00
16:54:18.001,399768.9130,4091869.9300,global,38.69,52.08,0.016,2.00,4.84,-12.05,-21.85,10.00,0.00,0.50,99.00,0,0,0,0,0,0.00,999.00
16:54:18.051,399768.9130,4091869.9300,global,40.24,52.08,0.016,2.00,4.84,-10.51,-21.85,10.00,0.00,0.50,99.00,0,0,0,0,0,0.00,999.00
16:54:18.102,399769.5574,4091870.2108,global,41.80,52.37,-0.349,2.00,4.84,-22.00,-21.85,10.00,0.00,0.50,99.00,0,0,0,0,0,0.00,999.00
16:54:18.151,399769.5574,4091870.2108,global,43.43,52.37,-0.349,2.00,4.51,-22.00,-19.38,10.00,0.00,0.50,99.00,0,0,0,0,0,0.00,999.00
16:54:18.208,399769.5574,4091870.2108,global,45.42,52.37,-0.349,2.00,4.51,-22.00,-19.38,10.00,0.00,0.50,99.00,0,0,0,0,0,0.00,999.00
16:54:18.251,399769.5574,4091870.2108,global,46.72,52.37,-0.349,2.00,4.65,-22.00,-11.61,10.00,0.00,0.50,99.00,0,0,0,0,0,0.00,999.00
16:54:18.301,399770.0768,4091870.4710,global,47.51,65.13,-0.635,2.00,4.65,-22.00,-11.61,10.00,0.00,0.50,99.00,0,0,0,0,0,0.00,999.00
16:54:18.353,399770.0768,4091870.4710,global,47.76,65.13,-0.635,2.00,4.65,-22.00,-11.61,10.00,0.00,0.50,99.00,0,0,0,0,0,0.00,999.00
16:54:18.404,399770.0768,4091870.4710,global,48.26,65.13,-0.635,2.00,5.44,-22.00,-8.27,10.00,0.00,0.50,99.00,0,0,0,0,0,0.00,999.00
16:54:18.453,399770.0768,4091870.4710,global,48.62,65.13,-0.635,2.00,5.44,-22.00,-8.27,10.00,0.00,0.50,99.00,0,0,0,0,0,0.00,999.00
16:54:18.506,399770.0768,4091870.4710,global,49.73,65.13,-0.635,2.00,4.23,-22.00,-16.26,10.00,0.00,0.50,99.00,0,0,0,0,0,0.00,999.00
16:54:18.552,399770.0768,4091870.4710,global,50.69,65.13,-0.635,2.00,4.23,-22.00,-16.26,10.00,0.00,0.50,99.00,0,0,0,0,0,0.00,999.00
16:54:18.606,399770.3916,4091870.7335,global,52.72,65.83,-0.810,2.00,4.23,-22.00,-16.26,10.00,0.00,0.50,99.00,0,0,0,0,0,0.00,999.00
16:54:18.654,399770.3916,4091870.7335,global,54.35,65.83,-0.810,2.00,4.58,-22.00,-21.98,10.00,0.00,0.50,99.00,0,0,0,0,0,0.00,999.00
16:54:18.707,399770.3916,4091870.7335,global,57.11,65.83,-0.810,2.00,4.58,-22.00,-21.98,10.00,0.00,0.50,99.00,0,0,0,0,0,0.00,999.00
16:54:18.752,399770.3916,4091870.7335,global,59.71,65.83,-0.810,2.00,5.19,-22.00,-22.00,10.00,0.00,0.50,99.00,0,0,0,0,0,0.00,999.00
16:54:18.801,399770.6445,4091871.0412,global,62.15,62.91,-0.910,2.00,5.19,-22.00,-22.00,10.00,0.00,0.50,99.00,0,0,0,0,0,0.00,999.00
16:54:18.852,399770.6445,4091871.0412,global,62.96,62.91,-0.910,2.00,5.19,-22.00,-22.00,10.00,0.00,0.50,99.00,0,0,0,0,0,0.00,999.00
16:54:18.904,399770.6445,4091871.0412,global,65.45,62.91,-0.910,2.00,4.52,-22.00,-21.98,10.00,0.00,0.50,99.00,0,0,0,0,0,0.00,999.00
16:54:18.951,399770.6445,4091871.0412,global,67.92,62.91,-0.910,2.00,4.52,-22.00,-21.98,10.00,0.00,0.50,99.00,0,0,0,0,0,0.00,999.00
16:54:19.001,399770.6445,4091871.0412,global,70.41,62.91,-0.910,2.00,4.79,-22.00,-21.96,10.00,0.00,0.50,99.00,0,0,0,0,0,0.00,999.00
16:54:19.051,399770.6445,4091871.0412,global,71.91,62.91,-0.910,2.00,4.79,-22.00,-21.96,10.00,0.00,0.50,99.00,0,0,0,0,0,0.00,999.00
16:54:19.102,399770.7994,4091871.3390,global,74.17,69.88,-0.890,2.00,4.79,-22.00,-21.96,10.00,0.00,0.50,99.00,0,0,0,0,0,0.00,999.00
16:54:19.152,399770.7994,4091871.3390,global,74.90,69.88,-0.890,2.00,4.81,-22.00,-21.98,10.00,0.00,0.50,99.00,0,0,0,0,0,0.00,999.00
16:54:19.205,399770.7994,4091871.3390,global,77.22,69.88,-0.890,2.00,4.81,-22.00,-21.98,10.00,0.00,0.50,99.00,0,0,0,0,0,0.00,999.00
16:54:19.251,399770.7994,4091871.3390,global,79.52,69.88,-0.890,2.00,4.94,-22.00,-21.74,10.00,0.00,0.50,99.00,0,0,0,0,0,0.00,999.00
16:54:19.302,399770.8203,4091871.6050,global,81.78,69.88,-0.818,2.00,4.94,-22.00,-21.74,10.00,0.00,0.50,99.00,0,0,0,0,0,0.00,999.00
16:54:19.351,399770.8203,4091871.6050,global,82.50,69.88,-0.818,2.00,4.94,-22.00,-21.74,10.00,0.00,0.50,99.00,0,0,0,0,0,0.00,999.00
16:54:19.404,399770.8203,4091871.6050,global,84.65,69.88,-0.818,2.00,4.18,-22.00,-21.72,10.00,0.00,0.50,99.00,0,0,0,0,0,0.00,999.00
16:54:19.453,399770.8203,4091871.6050,global,86.17,69.88,-0.818,2.00,4.18,-22.00,-21.72,10.00,0.00,0.50,99.00,0,0,0,0,0,0.00,999.00
16:54:19.501,399770.8203,4091871.6050,global,89.17,69.88,-0.818,2.00,5.39,-22.00,-21.52,10.00,0.00,0.50,99.00,0,0,0,0,0,0.00,999.00
16:54:19.553,399770.8203,4091871.6050,global,89.96,69.88,-0.818,2.00,5.39,-22.00,-21.52,10.00,0.00,0.50,99.00,0,0,0,0,0,0.00,999.00
16:54:19.603,399770.7877,4091871.8606,global,92.19,67.46,-0.698,2.00,5.39,-18.28,-21.56,10.00,0.00,0.50,99.00,0,0,0,0,0,0.00,999.00
16:54:19.651,399770.7877,4091871.8606,global,93.76,67.46,-0.698,2.00,4.99,-18.91,-21.56,10.00,0.00,0.50,99.00,0,0,0,0,0,0.00,999.00
16:54:19.703,399770.7877,4091871.8606,global,96.05,67.46,-0.698,2.00,4.99,-16.63,-21.56,10.00,0.00,0.50,99.00,0,0,0,0,0,0.00,999.00
16:54:19.752,399770.7877,4091871.8606,global,97.60,67.46,-0.698,2.00,4.37,-18.84,-20.66,10.00,0.00,0.50,99.00,0,0,0,0,0,0.00,999.00
16:54:19.803,399770.7877,4091871.8606,global,99.71,67.46,-0.698,2.00,4.37,-16.74,-20.66,10.00,0.00,0.50,99.00,0,0,0,0,0,0.00,999.00
16:54:19.856,399770.7292,4091872.1830,global,100.94,67.46,-0.521,2.00,4.37,-7.13,-17.39,10.00,0.00,0.50,99.00,0,0,0,0,0,0.00,999.00
16:54:19.903,399770.7292,4091872.1830,global,102.67,67.46,-0.521,2.00,5.59,1.37,-17.39,10.00,0.00,0.50,99.00,0,0,0,0,0,0.00,999.00
16:54:19.955,399770.7292,4091872.1830,global,103.84,67.46,-0.521,2.00,5.59,2.53,-17.39,10.00,0.00,0.50,99.00,0,0,0,0,0,0.00,999.00
16:54:20.006,399770.7292,4091872.1830,global,105.53,67.46,-0.521,2.00,4.75,-0.21,-15.38,10.00,0.00,0.50,99.00,0,0,0,0,0,0.00,999.00
16:54:20.055,399770.7292,4091872.1830,global,106.60,67.46,-0.521,2.00,4.75,0.86,-15.38,10.00,0.00,0.50,99.00,0,0,0,0,0,0.00,999.00
16:54:20.108,399770.5454,4091872.4515,global,108.00,67.46,-0.248,2.00,6.25,22.00,-6.70,10.00,0.00,0.50,99.00,0,0,0,0,0,0.00,999.00
16:54:20.154,399770.5454,4091872.4515,global,108.49,67.46,-0.248,2.00,6.25,22.00,-6.70,10.00,0.00,0.50,99.00,0,0,0,0,0,0.00,999.00
16:54:20.205,399770.5454,4091872.4515,global,108.51,67.46,-0.248,2.00,6.25,22.00,-6.70,10.00,0.00,0.50,99.00,0,0,0,0,0,0.00,999.00
16:54:20.251,399770.5454,4091872.4515,global,108.08,67.46,-0.248,2.00,4.75,20.03,9.38,10.00,0.00,0.50,99.00,0,0,0,0,0,0.00,999.00
16:54:20.301,399770.3971,4091872.7085,global,107.05,67.46,-0.012,2.00,4.75,22.00,9.38,10.00,0.00,0.50,99.00,0,0,0,0,0,0.00,999.00
16:54:20.352,399770.3971,4091872.7085,global,106.56,67.46,-0.012,2.00,4.75,22.00,9.38,10.00,0.00,0.50,99.00,0,0,0,0,0,0.00,999.00
16:54:20.404,399770.3971,4091872.7085,global,104.66,67.46,-0.012,2.00,5.34,22.00,21.99,10.00,0.00,0.50,99.00,0,0,0,0,0,0.00,999.00
16:54:20.452,399770.3971,4091872.7085,global,103.04,67.46,-0.012,2.00,5.34,22.00,21.99,10.00,0.00,0.50,99.00,0,0,0,0,0,0.00,999.00
16:54:20.506,399770.3971,4091872.7085,global,100.81,67.46,-0.012,2.00,5.44,22.00,21.99,10.00,0.00,0.50,99.00,0,0,0,0,0,0.00,999.00
16:54:20.552,399770.3971,4091872.7085,global,99.41,67.46,-0.012,2.00,5.44,22.00,21.99,10.00,0.00,0.50,99.00,0,0,0,0,0,0.00,999.00
16:54:20.601,399770.3644,4091872.9529,global,96.84,72.17,0.110,2.00,4.39,22.00,21.99,10.00,0.00,0.50,99.00,0,0,0,0,0,0.00,999.00
16:54:20.652,399770.3644,4091872.9529,global,94.97,72.17,0.110,2.00,4.39,22.00,21.99,10.00,0.00,0.50,99.00,0,0,0,0,0,0.00,999.00
16:54:20.701,399770.3644,4091872.9529,global,92.36,72.17,0.110,2.00,4.39,22.00,21.99,10.00,0.00,0.50,99.00,0,0,0,0,0,0.00,999.00
16:54:20.751,399770.3644,4091872.9529,global,90.06,72.17,0.110,2.00,5.23,22.00,21.99,10.00,0.00,0.50,99.00,0,0,0,0,0,0.00,999.00
16:54:20.802,399770.3644,4091872.9529,global,88.53,72.17,0.110,2.00,5.23,22.00,21.99,10.00,0.00,0.50,99.00,0,0,0,0,0,0.00,999.00
16:54:20.853,399770.4482,4091873.2626,global,86.95,72.17,0.125,2.00,5.23,22.00,21.99,10.00,0.00,0.50,99.00,0,0,0,0,0,0.00,999.00
16:54:20.906,399770.4482,4091873.2626,global,84.51,72.17,0.125,2.00,5.64,21.40,21.99,10.00,0.00,0.50,99.00,0,0,0,0,0,0.00,999.00
16:54:20.952,399770.4482,4091873.2626,global,83.01,72.17,0.125,2.00,4.74,21.58,21.99,10.00,0.00,0.50,99.00,0,0,0,0,0,0.00,999.00
16:54:21.001,399770.4482,4091873.2626,global,79.89,72.17,0.125,2.00,4.74,18.46,21.99,10.00,0.00,0.50,99.00,0,0,0,0,0,0.00,999.00
16:54:21.051,399770.4482,4091873.2626,global,78.33,72.17,0.125,2.00,4.74,16.90,21.99,10.00,0.00,0.50,99.00,0,0,0,0,0,0.00,999.00
