human_time,timestamp,x,y,z,,,x2-x1,y2-y1,,거리,,,,,,,,,,,,,,
2026-03-26 20:08:13.534,1774523293.53489,-25.0271847205295,-28.3223304292187,0,,,0,0,,0,,,,,,,,,,,,,,
2026-03-26 20:08:13.784,1774523293.78495,-25.0271847205295,-28.3223304292187,0,,,-0.00882541626924649,-0.00116814207285643,,0.00890238890567346,,,,,,,,,,,,,,
2026-03-26 20:08:14.034,1774523294.03496,-25.0360101367987,-28.3234985712916,0,,,-0.00145580287789926,0.0109987137839198,,0.0110946413605798,,,,,,,,,,,,,,
2026-03-26 20:08:14.284,1774523294.28487,-25.0374659396766,-28.3124998575076,0,,,0.00145580287789926,-0.0109987137839198,,0.0110946413605798,,,,,,,,,,,,,,
2026-03-26 20:08:14.534,1774523294.53492,-25.0360101367987,-28.3234985712916,0,,,-0.0102812190889381,0.00983057077974081,,0.014224752644958,,,,,,,,,,,,,,
2026-03-26 20:08:14.785,1774523294.78506,-25.0462913558877,-28.3136680005118,0,,,0.00145580287789926,-0.0109987142495811,,0.0110946418222148,,,,,,,,,,,,,,
2026-03-26 20:08:15.035,1774523295.03514,-25.0448355530098,-28.3246667147614,0,,,-0.00145580287789926,0.0109987142495811,,0.0110946418222148,,,,,,,,,,,,,,
2026-03-26 20:08:15.284,1774523295.28492,-25.0462913558877,-28.3136680005118,0,,,-0.0264762511360459,-0.003504429012537,,0.0267071693918109,,,,,,,,,,,,,,
2026-03-26 20:08:15.535,1774523295.53513,-25.0727676070237,-28.3171724295244,0,,,-0.0706033337046392,-0.00934514170512557,,0.071219115437483,,,,,,,,,,,,,,
2026-03-26 20:08:15.785,1774523295.78514,-25.1433709407283,-28.3265175712295,0,,,-0.104449197882786,-0.0250164270401001,,0.107403242782563,,,,,,,,,,,,,,
2026-03-26 20:08:16.034,1774523296.03498,-25.2478201386111,-28.3515339982696,0,,,-0.14857628045138,-0.0308571457862854,,0.151746744804767,,,,,,,,,,,,,,
2026-03-26 20:08:16.284,1774523296.28496,-25.3963964190625,-28.3823911440559,0,,,-0.151487887022086,-0.00885971821844578,,0.151746744681151,,,,,,,,,,,,,,
2026-03-26 20:08:16.534,1774523296.53494,-25.5478843060846,-28.3912508622743,0,,,-0.158857500588056,-0.0210265796631575,,0.160243010909728,,,,,,,,,,,,,,
2026-03-26 20:08:16.784,1774523296.78495,-25.7067418066727,-28.4122774419375,0,,,-0.136748661287129,0.0154739920981228,,0.137621367509826,,,,,,,,,,,,,,
2026-03-26 20:08:17.034,1774523297.03491,-25.8434904679598,-28.3968034498394,0,,,-0.117642025696114,0.00681156339123845,,0.117839058065303,,,,,,,,,,,,,,
2026-03-26 20:08:17.285,1774523297.285,-25.9611324936559,-28.3899918864481,0,,,-0.136839252256323,-0.0516864452511072,,0.146275321161039,,,,,,,,,,,,,,
2026-03-26 20:08:17.535,1774523297.53501,-26.0979717459122,-28.4416783316992,0,,,-0.125011637283023,-0.00535529805347323,,0.125126290896133,,,,,,,,,,,,,,
2026-03-26 20:08:17.784,1774523297.78494,-26.2229833831952,-28.4470336297527,0,,,-0.133837053261232,-0.00652344524860382,,0.13399594084733,,,,,,,,,,,,,,
2026-03-26 20:08:18.034,1774523298.03494,-26.3568204364565,-28.4535570750013,0,,,-0.154399496444967,0.0131376930512488,,0.154957424737145,,,,,,,,,,,,,,
2026-03-26 20:08:18.285,1774523298.28503,-26.5112199329014,-28.4404193819501,0,,,-0.173506135703065,0.0218001161701977,,0.174870306775177,,,,,,,,,,,,,,
2026-03-26 20:08:18.535,1774523298.53508,-26.6847260686045,-28.4186192657799,0,,,-0.16468072088901,0.0229682559147477,,0.166274714290205,,,,,,,,,,,,,,
2026-03-26 20:08:18.785,1774523298.78505,-26.8494067894935,-28.3956510098651,0,,,-0.158766915672459,0.0461338264867663,,0.165333794060551,,,,,,,,,,,,,,
2026-03-26 20:08:19.035,1774523299.03508,-27.008173705166,-28.3495171833783,0,,,-0.157311111921445,0.0351351099088788,,0.161187040056793,,,,,,,,,,,,,,
2026-03-26 20:08:19.285,1774523299.28513,-27.1654848170874,-28.3143820734695,0,,,-0.161678531439975,0.0681312512606382,,0.175447470562921,,,,,,,,,,,,,,
2026-03-26 20:08:19.535,1774523299.53511,-27.3271633485274,-28.2462508222088,0,,,-0.186698979407083,0.0536280949600041,,0.194248504449032,,,,,,,,,,,,,,
2026-03-26 20:08:19.785,1774523299.78515,-27.5138623279345,-28.1926227272488,0,,,-0.171959759434685,0.0779618113301694,,0.188807316835751,,,,,,,,,,,,,,
2026-03-26 20:08:20.034,1774523300.03497,-27.6858220873692,-28.1146609159187,0,,,-0.177873567328788,0.0547962342388928,,0.186122629578009,,,,,,,,,,,,,,
2026-03-26 20:08:20.295,1774523300.29501,-27.863695654698,-28.0598646816798,0,,,-0.185243179788813,0.0426293713971973,,0.190084978270222,,,,,,,,,,,,,,
2026-03-26 20:08:20.534,1774523300.53492,-28.0489388344868,-28.0172353102826,0,,,-0.17787357227644,0.0547962253913283,,0.186122631701572,,,,,,,,,,,,,,
2026-03-26 20:08:20.784,1774523300.78485,-28.2268124067632,-27.9624390848912,0,,,-0.205805633217096,0.0622904980555177,,0.215025730581004,,,,,,,,,,,,,,
2026-03-26 20:08:21.034,1774523301.03489,-28.4326180399803,-27.9001485868357,0,,,-0.233737696544267,0.0697847660630941,,0.243932827557713,,,,,,,,,,,,,,
2026-03-26 20:08:21.284,1774523301.28496,-28.6663557365246,-27.8303638207726,0,,,-0.226458660443313,0.0147911915555596,,0.226941191143021,,,,,,,,,,,,,,
2026-03-26 20:08:21.534,1774523301.53495,-28.8928143969679,-27.8155726292171,0,,,-0.227914471121039,0.0257898974232376,,0.22936897121338,,,,,,,,,,,,,,
2026-03-26 20:08:21.784,1774523301.78491,-29.1207288680889,-27.7897827317938,0,,,-0.188245378842112,-0.00253365887328982,,0.188262428760219,,,,,,,,,,,,,,
2026-03-26 20:08:22.034,1774523302.0349,-29.308974246931,-27.7923163906671,0,,,-0.177964152186178,-0.0123642324469984,,0.17839314366687,,,,,,,,,,,,,,
2026-03-26 20:08:22.284,1774523302.28491,-29.4869383991172,-27.8046806231141,0,,,-0.177964152360801,-0.0123642347753048,,0.178393144002445,,,,,,,,,,,,,,
2026-03-26 20:08:22.534,1774523302.53494,-29.664902551478,-27.8170448578894,0,,,-0.169138735276647,-0.0111960917711258,,0.169508891335915,,,,,,,,,,,,,,
2026-03-26 20:08:22.794,1774523302.79491,-29.8340412867547,-27.8282409496605,0,,,-0.20298459508922,-0.0268673999235034,,0.204754982899523,,,,,,,,,,,,,,
2026-03-26 20:08:23.034,1774523303.03489,-30.0370258818439,-27.855108349584,0,,,-0.202984593110159,-0.0268674050457776,,0.204754981609705,,,,,,,,,,,,,,
2026-03-26 20:08:23.284,1774523303.28488,-30.240010474954,-27.8819757546298,0,,,-0.241197882103734,-0.00954257557168603,,0.241386576014218,,,,,,,,,,,,,,
2026-03-26 20:08:23.534,1774523303.53491,-30.4812083570578,-27.8915183302015,0,,,-0.220635426347144,-0.0292037134058774,,0.222559763290849,,,,,,,,,,,,,,
2026-03-26 20:08:23.784,1774523303.78498,-30.7018437834049,-27.9207220436074,0,,,-0.238195706158876,0.035620414186269,,0.240844365388371,,,,,,,,,,,,,,
2026-03-26 20:08:24.034,1774523304.03485,-30.9400394895638,-27.8851016294211,0,,,-0.261760338034946,0.010118531063199,,0.261955834519956,,,,,,,,,,,,,,
2026-03-26 20:08:24.284,1774523304.28494,-31.2017998275987,-27.8749830983579,0,,,-0.23965152236633,0.0466191149316728,,0.244143797892783,,,,,,,,,,,,,,
2026-03-26 20:08:24.535,1774523304.53501,-31.4414513499651,-27.8283639834262,0,,,-0.239651525276713,0.0466191051527858,,0.244143798882342,,,,,,,,,,,,,,
2026-03-26 20:08:24.784,1774523304.78491,-31.6811028752418,-27.7817448782735,0,,,-0.210263652727008,0.0281261233612895,,0.212136471342007,,,,,,,,,,,,,,
2026-03-26 20:08:25.034,1774523305.03491,-31.8913665279688,-27.7536187549122,0,,,-0.219089072372299,0.0269579654559493,,0.220741372502933,,,,,,,,,,,,,,
2026-03-26 20:08:25.284,1774523305.2849,-32.1104556003411,-27.7266607894562,0,,,-0.227914492541458,0.025789812207222,,0.229368982916423,,,,,,,,,,,,,,
2026-03-26 20:08:25.534,1774523305.53488,-32.3383700928825,-27.700870977249,0,,,-0.222000701527577,0.0489553813822567,,0.227334425120831,,,,,,,,,,,,,,
2026-03-26 20:08:25.784,1774523305.78493,-32.5603707944101,-27.6519155958667,0,,,-0.201438243908342,0.0292942500673234,,0.203557164442531,,,,,,,,,,,,,,
2026-03-26 20:08:26.034,1774523306.03493,-32.7618090383185,-27.6226213457994,0,,,-0.211719477199949,0.0391248092055321,,0.215304174881002,,,,,,,,,,,,,,
2026-03-26 20:08:26.284,1774523306.28498,-32.9735285155184,-27.5834965365939,0,,,-0.210263664834201,0.0281260898336768,,0.212136478897057,,,,,,,,,,,,,,
2026-03-26 20:08:26.535,1774523306.53505,-33.1837921803526,-27.5553704467602,0,,,-0.213175295270048,0.0501235099509358,,0.218988750312142,,,,,,,,,,,,,,
2026-03-26 20:08:26.784,1774523306.78497,-33.3969674756227,-27.5052469368093,0,,,-0.248476967215538,0.0454508978873491,,0.25259965826461,,,,,,,,,,,,,,
2026-03-26 20:08:27.034,1774523307.03494,-33.6454444428382,-27.4597960389219,0,,,-0.22791450843215,0.0257897693663836,,0.229368993889409,,,,,,,,,,,,,,
2026-03-26 20:08:27.284,1774523307.28497,-33.8733589512704,-27.4340062695555,0,,,-0.255846575659234,0.0332840187475085,,0.258002511965563,,,,,,,,,,,,,,
2026-03-26 20:08:27.534,1774523307.53486,-34.1292055269296,-27.400722250808,0,,,-0.241107374138664,0.0576177416369319,,0.247896288829386,,,,,,,,,,,,,,
2026-03-26 20:08:27.784,1774523307.78493,-34.3703129010682,-27.3431045091711,0,,,-0.267674157686997,-0.013047153595835,,0.26799194560732,,,,,,,,,,,,,,
2026-03-26 20:08:28.034,1774523308.03495,-34.6379870587552,-27.3561516627669,0,,,-0.279411206080113,0.00778211141005158,,0.279519558065516,,,,,,,,,,,,,,
2026-03-26 20:08:28.284,1774523308.28496,-34.9173982648354,-27.3483695513569,0,,,-0.276499575702474,-0.0142153245396912,,0.276864751847209,,,,,,,,,,,,,,
2026-03-26 20:08:28.535,1774523308.5351,-35.1938978405378,-27.3625848758966,0,,,-0.267674157570582,-0.0130471796728671,,0.267991946760601,,,,,,,,,,,,,,
2026-03-26 20:08:28.784,1774523308.78496,-35.4615719981084,-27.3756320555694,0,,,-0.291238777746912,-0.0385490744374692,,0.293778925049944,,,,,,,,,,,,,,
2026-03-26 20:08:29.034,1774523309.03499,-35.7528107758553,-27.4141811300069,0,,,-0.283869174832944,-0.0263822199776769,,0.285092493677555,,,,,,,,,,,,,,
2026-03-26 20:08:29.284,1774523309.28495,-36.0366799506883,-27.4405633499846,0,,,-0.27058579295408,0.00895022042095661,,0.270733776603829,,,,,,,,,,,,,,
2026-03-26 20:08:29.535,1774523309.53509,-36.3072657436424,-27.4316131295636,0,,,-0.272041610442102,0.0199489216320217,,0.272772061044039,,,,,,,,,,,,,,
2026-03-26 20:08:29.785,1774523309.78511,-36.5793073540845,-27.4116642079316,0,,,-0.223456562263891,0.0599539796821773,,0.231359708891862,,,,,,,,,,,,,,
2026-03-26 20:08:30.034,1774523310.03497,-36.8027639163483,-27.3517102282494,0,,,-0.24993281980278,0.0564495101571083,,0.256228338814321,,,,,,,,,,,,,,
2026-03-26 20:08:30.284,1774523310.28495,-37.0526967361511,-27.2952607180923,0,,,-0.223456569830887,0.0599539685063064,,0.231359713304286,,,,,,,,,,,,,,
2026-03-26 20:08:30.535,1774523310.53516,-37.276153305982,-27.235306749586,0,,,-0.205805737816263,0.0622902736067772,,0.215025765674962,,,,,,,,,,,,,,
2026-03-26 20:08:30.785,1774523310.78513,-37.4819590437983,-27.1730164759792,0,,,-0.20143828401342,0.029294132720679,,0.203557187242623,,,,,,,,,,,,,,
2026-03-26 20:08:31.035,1774523311.03518,-37.6833973278117,-27.1437223432586,0,,,-0.213175343116745,0.0501233953982592,,0.218988770669165,,,,,,,,,,,,,,
2026-03-26 20:08:31.284,1774523311.2849,-37.8965726709284,-27.0935989478603,0,,,-0.227914541261271,0.0257896529510617,,0.229369013420888,,,,,,,,,,,,,,
2026-03-26 20:08:31.534,1774523311.53499,-38.1244872121897,-27.0678092949092,0,,,-0.245565380319022,0.0234533329494298,,0.24668282234007,,,,,,,,,,,,,,
2026-03-26 20:08:31.784,1774523311.78498,-38.3700525925087,-27.0443559619598,0,,,-0.263216217223089,0.0211170120164752,,0.264061934412623,,,,,,,,,,,,,,
2026-03-26 20:08:32.034,1774523312.03497,-38.6332688097318,-27.0232389499433,0,,,-0.272041636344511,0.0199488461948931,,0.272772081360074,,,,,,,,,,,,,,
2026-03-26 20:08:32.284,1774523312.28497,-38.9053104460763,-27.0032901037484,0,,,-0.261760400549974,0.0101182828657329,,0.26195588740136,,,,,,,,,,,,,,
2026-03-26 20:08:32.535,1774523312.53506,-39.1670708466263,-26.9931718208827,0,,,-0.267674177885056,-0.0130473058670759,,0.267991973194776,,,,,,,,,,,,,,
2026-03-26 20:08:32.794,1774523312.79499,-39.4347450245114,-27.0062191267498,0,,,-0.260304581082892,-0.00088044535368681,,0.260306070072829,,,,,,,,,,,,,,
2026-03-26 20:08:33.044,1774523313.04493,-39.6950496055943,-27.0070995721035,0,,,-0.27058582106838,0.00895010028034449,,0.270733800731046,,,,,,,,,,,,,,
2026-03-26 20:08:33.284,1774523313.28494,-39.9656354266626,-26.9981494718231,0,,,-0.269130001484882,-0.00204862048849463,,0.269137798432622,,,,,,,,,,,,,,
2026-03-26 20:08:33.535,1774523313.535,-40.2347654281475,-27.0001980923116,0,,,-0.275043774337973,-0.0252142110839486,,0.276197093110453,,,,,,,,,,,,,,
2026-03-26 20:08:33.794,1774523313.79497,-40.5098092024855,-27.0254123033956,0,,,-0.3000642034458,-0.0397174092940986,,0.302681348600467,,,,,,,,,,,,,,
2026-03-26 20:08:34.035,1774523314.03504,-40.8098734059313,-27.0651297126897,0,,,-0.300064201757778,-0.0397174209356308,,0.302681348454625,,,,,,,,,,,,,,
2026-03-26 20:08:34.285,1774523314.28502,-41.1099376076891,-27.1048471336253,0,,,-0.288327135378495,-0.0605466938577592,,0.294615748276758,,,,,,,,,,,,,,
2026-03-26 20:08:34.535,1774523314.53506,-41.3982647430676,-27.1653938274831,0,,,-0.300064197741449,-0.0397174414247274,,0.302681347161575,,,,,,,,,,,,,,
2026-03-26 20:08:34.784,1774523314.78496,-41.698328940809,-27.2051112689078,0,,,-0.289782954612747,-0.0495480028912425,,0.29398837625764,,,,,,,,,,,,,,
2026-03-26 20:08:35.034,1774523315.03492,-41.9881118954218,-27.254659271799,0,,,-0.282413359032944,-0.037381140049547,,0.284876560972773,,,,,,,,,,,,,,
2026-03-26 20:08:35.285,1774523315.28505,-42.2705252544547,-27.2920404118486,0,,,-0.282413358683698,-0.0373811507597566,,0.284876562031928,,,,,,,,,,,,,,
2026-03-26 20:08:35.535,1774523315.53504,-42.5529386131384,-27.3294215626083,0,,,-0.29415042581968,-0.0165518983267248,,0.294615746945267,,,,,,,,,,,,,,
2026-03-26 20:08:35.785,1774523315.78507,-42.8470890389581,-27.3459734609351,0,,,-0.238286268606316,-0.0315403607673943,,0.240364598399304,,,,,,,,,,,,,,
2026-03-26 20:08:36.034,1774523316.0349,-43.0853753075644,-27.3775138217025,0,,,-0.292694598785602,-0.0275506279431283,,0.293988376059879,,,,,,,,,,,,,,
2026-03-26 20:08:36.285,1774523316.28501,-43.37806990635,-27.4050644496456,0,,,-0.258848755038343,-0.0118792783468962,,0.259121197972963,,,,,,,,,,,,,,
2026-03-26 20:08:36.534,1774523316.53495,-43.6369186613883,-27.4169437279925,0,,,-0.258848755096551,-0.0118792862631381,,0.259121198394025,,,,,,,,,,,,,,
2026-03-26 20:08:36.785,1774523316.78504,-43.8957674164849,-27.4288230142556,0,,,-0.24265374802053,0.001455741468817,,0.242658114662656,,,,,,,,,,,,,,
2026-03-26 20:08:37.034,1774523317.03499,-44.1384211645054,-27.4273672727868,0,,,-0.226458742865361,0.0147907715290785,,0.226941246014437,,,,,,,,,,,,,,
2026-03-26 20:08:37.285,1774523317.28506,-44.3648799073708,-27.4125765012577,0,,,-0.251479166909121,0.000287566334009171,,0.251479331325065,,,,,,,,,,,,,,
2026-03-26 20:08:37.535,1774523317.53506,-44.6163590742799,-27.4122889349237,0,,,-0.252934997202829,0.0112862684763968,,0.253186675530361,,,,,,,,,,,,,,
2026-03-26 20:08:37.785,1774523317.78501,-44.8692940714827,-27.4010026664473,0,,,-0.227914574206807,0.0257894620299339,,0.229369024690919,,,,,,,,,,,,,,
2026-03-26 20:08:38.034,1774523318.035,-45.0972086456895,-27.3752132044174,0,,,-0.27941125218058,0.00778176262974739,,0.279519594437931,,,,,,,,,,,,,,
2026-03-26 20:08:38.284,1774523318.28495,-45.3766198978701,-27.3674314417876,0,,,-0.27495332469698,0.041946048848331,,0.278134503030296,,,,,,,,,,,,,,
2026-03-26 20:08:38.534,1774523318.53491,-45.6515732225671,-27.3254853929393,0,,,-0.28086708590854,0.0187804535962641,,0.281494272382293,,,,,,,,,,,,,,
2026-03-26 20:08:38.785,1774523318.78501,-45.9324403084756,-27.306704939343,0,,,-0.277864990173839,0.0639434522017837,,0.285127546623944,,,,,,,,,,,,,,
2026-03-26 20:08:39.034,1774523319.03481,-46.2103052986495,-27.2427614871413,0,,,-0.264672088320367,0.0321154771372676,,0.266613424657534,,,,,,,,,,,,,,
2026-03-26 20:08:39.284,1774523319.28493,-46.4749773869698,-27.210646010004,0,,,-0.286690416978672,0.0627752658911049,,0.293482757917912,,,,,,,,,,,,,,
2026-03-26 20:08:39.534,1774523319.53486,-46.7616678039485,-27.1478707441129,0,,,-0.274953341810033,0.0419460046105087,,0.278134513276022,,,,,,,,,,,,,,
2026-03-26 20:08:39.784,1774523319.78491,-47.0366211457585,-27.1059247395024,0,,,-0.279320840956643,0.0749421245418489,,0.289199678809594,,,,,,,,,,,,,,
2026-03-26 20:08:40.034,1774523320.03486,-47.3159419867152,-27.0309826149605,0,,,-0.269039596256334,0.065111571457237,,0.276806468658885,,,,,,,,,,,,,,
2026-03-26 20:08:40.284,1774523320.28492,-47.5849815829715,-26.9658710435033,0,,,-0.271951265516691,0.0871089836582542,,0.285561667333176,,,,,,,,,,,,,,
2026-03-26 20:08:40.534,1774523320.53495,-47.8569328484882,-26.878762059845,0,,,-0.258758357027546,0.0552810109220445,,0.264597576519812,,,,,,,,,,,,,,
2026-03-26 20:08:40.784,1774523320.78498,-48.1156912055158,-26.823481048923,0,,,-0.257302527083084,0.0442822938784957,,0.261085258094904,,,,,,,,,,,,,,
2026-03-26 20:08:41.034,1774523321.03491,-48.3729937325988,-26.7791987550445,0,,,-0.239651695650537,0.0466186194680631,,0.244143873380606,,,,,,,,,,,,,,
2026-03-26 20:08:41.284,1774523321.28494,-48.6126454282494,-26.7325801355764,0,,,-0.270585870661307,0.00894981063902378,,0.270733840721865,,,,,,,,,,,,,,
2026-03-26 20:08:41.534,1774523321.53481,-48.8832312989107,-26.7236303249374,0,,,-0.239651700365357,0.0466186068952084,,0.244143875607923,,,,,,,,,,,,,,
2026-03-26 20:08:41.784,1774523321.78494,-49.122882999276,-26.6770117180422,0,,,-0.235284202499315,0.0136224683374166,,0.23567822892525,,,,,,,,,,,,,,
2026-03-26 20:08:42.034,1774523322.03492,-49.3581672017754,-26.6633892497048,0,,,-0.247021291521378,0.0344517128542066,,0.249412186918519,,,,,,,,,,,,,,
2026-03-26 20:08:42.284,1774523322.2849,-49.6051884932967,-26.6289375368506,0,,,-0.25293504097499,0.0112861166708171,,0.25318671249204,,,,,,,,,,,,,,
2026-03-26 20:08:42.534,1774523322.53488,-49.8581235342717,-26.6176514201798,0,,,-0.22645879018819,0.0147906178608537,,0.226941283221463,,,,,,,,,,,,,,
2026-03-26 20:08:42.794,1774523322.79496,-50.0845823244599,-26.6028608023189,0,,,-0.270585880265571,0.00894976453855634,,0.270733848796913,,,,,,,,,,,,,,
2026-03-26 20:08:43.034,1774523323.03493,-50.3551682047255,-26.5939110377803,0,,,-0.260304628347512,-0.000880785752087832,,0.260306118488747,,,,,,,,,,,,,,
2026-03-26 20:08:43.284,1774523323.28495,-50.615472833073,-26.5947918235324,0,,,-0.250023376080208,-0.0107113313861191,,0.250252714683794,,,,,,,,,,,,,,
2026-03-26 20:08:43.534,1774523323.53494,-50.8654962091532,-26.6055031549186,0,,,-0.251479212252889,0.000287369359284639,,0.25147937644364,,,,,,,,,,,,,,
2026-03-26 20:08:43.784,1774523323.78494,-51.1169754214061,-26.6052157855593,0,,,-0.258848794503137,-0.011879516299814,,0.2591212483052,,,,,,,,,,,,,,
2026-03-26 20:08:44.034,1774523324.03498,-51.3758242159092,-26.6170953018591,0,,,-0.25739295699168,-0.0228782366029918,,0.258407716639777,,,,,,,,,,,,,,
2026-03-26 20:08:44.284,1774523324.28493,-51.6332171729009,-26.6399735384621,0,,,-0.260395026416518,-0.0680412505753338,,0.269137848624667,,,,,,,,,,,,,,
2026-03-26 20:08:44.534,1774523324.53497,-51.8936121993174,-26.7080147890374,0,,,-0.266218372213189,-0.0240464215166867,,0.26730217375023,,,,,,,,,,,,,,
2026-03-26 20:08:44.785,1774523324.78502,-52.1598305715306,-26.7320612105541,0,,,-0.264762534876354,-0.0350451404228807,,0.267071828805309,,,,,,,,,,,,,,
2026-03-26 20:08:45.034,1774523325.03494,-52.424593106407,-26.767106350977,0,,,-0.264762532315217,-0.0350451478734612,,0.267071827243981,,,,,,,,,,,,,,
2026-03-26 20:08:45.285,1774523325.28501,-52.6893556387222,-26.8021514988504,0,,,-0.279501690471079,-0.0593789201229811,,0.285739481225753,,,,,,,,,,,,,,
2026-03-26 20:08:45.534,1774523325.53494,-52.9688573291933,-26.8615304189734,0,,,-0.254481272946578,-0.0448757018893957,,0.258407714475742,,,,,,,,,,,,,,
2026-03-26 20:08:45.785,1774523325.78502,-53.2233386021399,-26.9064061208628,0,,,-0.272132106416393,-0.0472120549529791,,0.276197142410102,,,,,,,,,,,,,,
2026-03-26 20:08:46.034,1774523326.03496,-53.4954707085562,-26.9536181758158,0,,,-0.288236720138229,0.00661330996081233,,0.288312578124302,,,,,,,,,,,,,,
2026-03-26 20:08:46.285,1774523326.28505,-53.7837074286945,-26.947004865855,0,,,-0.267674207163509,-0.0130477738566697,,0.267992025223192,,,,,,,,,,,,,,
2026-03-26 20:08:46.534,1774523326.53487,-54.051381635858,-26.9600526397117,0,,,-0.264672150660772,0.0321152275428176,,0.266613456478711,,,,,,,,,,,,,,
2026-03-26 20:08:46.784,1774523326.78491,-54.3160537865188,-26.9279374121688,0,,,-0.279411307477858,0.00778145436197519,,0.279519641131842,,,,,,,,,,,,,,
2026-03-26 20:08:47.035,1774523327.03513,-54.5954650939966,-26.9201559578069,0,,,-0.277955467929132,-0.00321726314723492,,0.27797408680282,,,,,,,,,,,,,,
2026-03-26 20:08:47.285,1774523327.28515,-54.8734205619257,-26.9233732209541,0,,,-0.261760474764742,0.0101177846081555,,0.261955942315574,,,,,,,,,,,,,,
2026-03-26 20:08:47.535,1774523327.53516,-55.1351810366905,-26.9132554363459,0,,,-0.235284222464543,0.0136222997680306,,0.235678239113658,,,,,,,,,,,,,,
2026-03-26 20:08:47.785,1774523327.78514,-55.370465259155,-26.8996331365779,0,,,-0.235284225258511,0.0136222932487726,,0.235678241526139,,,,,,,,,,,,,,
2026-03-26 20:08:48.034,1774523328.03498,-55.6057494844135,-26.8860108433291,0,,,-0.247021329822019,0.0344515284523368,,0.249412199380345,,,,,,,,,,,,,,
2026-03-26 20:08:48.284,1774523328.28496,-55.8527708142356,-26.8515593148768,0,,,-0.24556548835244,0.0234528118744493,,0.246682880343551,,,,,,,,,,,,,,
2026-03-26 20:08:48.534,1774523328.53493,-56.098336302588,-26.8281065030023,0,,,-0.245565490680747,0.0234528062865138,,0.246682882130051,,,,,,,,,,,,,,
2026-03-26 20:08:48.784,1774523328.78499,-56.3439017932687,-26.8046536967158,0,,,-0.236740075517446,0.024620973970741,,0.238016923169916,,,,,,,,,,,,,,
2026-03-26 20:08:49.034,1774523329.03497,-56.5806418687862,-26.7800327227451,0,,,-0.242653807566967,0.00145537499338388,,0.242658172009759,,,,,,,,,,,,,,
2026-03-26 20:08:49.284,1774523329.28495,-56.8232956763532,-26.7785773477517,0,,,-0.235284235095605,0.0136222518049181,,0.235678248951321,,,,,,,,,,,,,,
2026-03-26 20:08:49.534,1774523329.53499,-57.0585799114488,-26.7649550959468,0,,,-0.244109653751366,0.0124540696851909,,0.244427140281793,,,,,,,,,,,,,,
2026-03-26 20:08:49.784,1774523329.78498,-57.3026895652001,-26.7525010262616,0,,,-0.245565500750672,0.0234527685679495,,0.24668288856836,,,,,,,,,,,,,,
2026-03-26 20:08:50.034,1774523330.03496,-57.5482550659508,-26.7290482576937,0,,,-0.251479229307734,0.000287170056253672,,0.251479393270806,,,,,,,,,,,,,,
2026-03-26 20:08:50.285,1774523330.28501,-57.7997342952585,-26.7287610876374,0,,,-0.245565504592378,0.0234527559950948,,0.246682891197332,,,,,,,,,,,,,,
2026-03-26 20:08:50.535,1774523330.53515,-58.0452997998509,-26.7053083316423,0,,,-0.235284242720809,0.0136222187429667,,0.235678254652791,,,,,,,,,,,,,,
2026-03-26 20:08:50.785,1774523330.78514,-58.2805840425717,-26.6916861128993,0,,,-0.227914671297185,0.0257890964858234,,0.229369080065424,,,,,,,,,,,,,,
2026-03-26 20:08:51.034,1774523331.03497,-58.5084987138689,-26.6658970164135,0,,,-0.213265871745534,-0.0170375634916127,,0.213945344939107,,,,,,,,,,,,,,
2026-03-26 20:08:51.284,1774523331.28496,-58.7217645856144,-26.6829345799051,0,,,-0.252935082011391,0.0112858414649963,,0.253186741220155,,,,,,,,,,,,,,
2026-03-26 20:08:51.534,1774523331.53483,-58.9746996676258,-26.6716487384401,0,,,-0.270585918100551,0.00894947862252593,,0.270733877159718,,,,,,,,,,,,,,
2026-03-26 20:08:51.784,1774523331.78489,-59.2452855857264,-26.6626992598176,0,,,-0.29560632648645,-0.00555377639830113,,0.295658493351867,,,,,,,,,,,,,,
2026-03-26 20:08:52.034,1774523332.03481,-59.5408919122128,-26.6682530362159,0,,,-0.304431744443718,-0.00672196550294757,,0.304505947142693,,,,,,,,,,,,,,
2026-03-26 20:08:52.284,1774523332.28493,-59.8453236566566,-26.6749750017189,0,,,-0.323538428696338,0.00194037146866322,,0.323544247182255,,,,,,,,,,,,,,
2026-03-26 20:08:52.534,1774523332.53485,-60.1688620853529,-26.6730346302502,0,,,-0.322082581929863,-0.00905834790319204,,0.322209936608637,,,,,,,,,,,,,,
2026-03-26 20:08:52.784,1774523332.78485,-60.4909446672828,-26.6820929781534,0,,,-0.32945215201471,-0.0212252498604357,,0.330135171859591,,,,,,,,,,,,,,
2026-03-26 20:08:53.034,1774523333.03497,-60.8203968192975,-26.7033182280138,0,,,-0.332363849098329,0.000772154424339533,,0.332364746039515,,,,,,,,,,,,,,
2026-03-26 20:08:53.284,1774523333.28497,-61.1527606683958,-26.7025460735895,0,,,-0.339733419241384,-0.0113947484642267,,0.339924456963609,,,,,,,,,,,,,,
2026-03-26 20:08:53.534,1774523333.53493,-61.4924940876372,-26.7139408220537,0,,,-0.319170884147752,-0.0310558145865798,,0.320678213958002,,,,,,,,,,,,,,
2026-03-26 20:08:53.784,1774523333.78484,-61.8116649717849,-26.7449966366403,0,,,-0.330908002681099,-0.0102265924215317,,0.331065989541285,,,,,,,,,,,,,,
2026-03-26 20:08:54.044,1774523334.04495,-62.142572974466,-26.7552232290618,0,,,-0.311801315518096,-0.0188889498822391,,0.312372938627002,,,,,,,,,,,,,,
2026-03-26 20:08:54.284,1774523334.28497,-62.4543742899841,-26.7741121789441,0,,,-0.336821717850398,-0.0333922146819532,,0.338472908246818,,,,,,,,,,,,,,
2026-03-26 20:08:54.534,1774523334.53495,-62.7911960078345,-26.807504393626,0,,,-0.310345464386046,-0.0298876804299653,,0.311781302689039,,,,,,,,,,,,,,
2026-03-26 20:08:54.784,1774523334.78492,-63.1015414722206,-26.837392074056,0,,,-0.294150480593089,-0.0165526191703975,,0.294615842130978,,,,,,,,,,,,,,
2026-03-26 20:08:55.034,1774523335.03484,-63.3956919528137,-26.8539446932264,0,,,-0.322082585014869,-0.00905847176909447,,0.322209943174713,,,,,,,,,,,,,,
2026-03-26 20:08:55.284,1774523335.28494,-63.7177745378285,-26.8630031649955,0,,,-0.285325062694028,-0.0153844566084445,,0.28573951932921,,,,,,,,,,,,,,
2026-03-26 20:08:55.535,1774523335.53501,-64.0030996005226,-26.8783876216039,0,,,-0.324994292284828,0.0129389171488583,,0.32525175725075,,,,,,,,,,,,,,
2026-03-26 20:08:55.784,1774523335.78497,-64.3280938928074,-26.865448704455,0,,,-0.332363858062308,0.000772015191614628,,0.332364754680033,,,,,,,,,,,,,,
2026-03-26 20:08:56.034,1774523336.03496,-64.6604577508697,-26.8646766892634,0,,,-0.345556840184145,0.0325999376364052,,0.347091177836528,,,,,,,,,,,,,,
2026-03-26 20:08:56.285,1774523336.285,-65.0060145910538,-26.832076751627,0,,,-0.344100989575963,0.0216012164019048,,0.344778339773831,,,,,,,,,,,,,,
2026-03-26 20:08:56.535,1774523336.53506,-65.3501155806298,-26.8104755352251,0,,,-0.355838121031411,0.0424304292537272,,0.35835891185489,,,,,,,,,,,,,,
2026-03-26 20:08:56.785,1774523336.78502,-65.7059537016612,-26.7680451059714,0,,,-0.338187289657071,0.0447667865082622,,0.341137374176258,,,,,,,,,,,,,,
2026-03-26 20:08:57.034,1774523337.03494,-66.0441409913183,-26.7232783194631,0,,,-0.349924424721394,0.0655960002914071,,0.356019575684861,,,,,,,,,,,,,,
2026-03-26 20:08:57.284,1774523337.28496,-66.3940654160397,-26.6576823191717,0,,,-0.36020570481196,0.0754265044815838,,0.368018080204481,,,,,,,,,,,,,,
2026-03-26 20:08:57.534,1774523337.53494,-66.7542711208516,-26.5822558146901,0,,,-0.342554877977818,0.0777628622017801,,0.35127041885734,,,,,,,,,,,,,,
2026-03-26 20:08:57.784,1774523337.78494,-67.0968259988294,-26.5044929524884,0,,,-0.320536477142014,0.0471031051129103,,0.323978912415439,,,,,,,,,,,,,,
2026-03-26 20:08:58.034,1774523338.0349,-67.4173624759715,-26.4573898473755,0,,,-0.358749869803432,0.0644277529790998,,0.364489237753209,,,,,,,,,,,,,,
2026-03-26 20:08:58.284,1774523338.28496,-67.7761123457749,-26.3929620943964,0,,,-0.338187323242892,0.0447667017579079,,0.341137396350024,,,,,,,,,,,,,,
2026-03-26 20:08:58.534,1774523338.53491,-68.1142996690178,-26.3481953926384,0,,,-0.327906052407343,0.0349361714906991,,0.329761906962879,,,,,,,,,,,,,,
2026-03-26 20:08:58.785,1774523338.785,-68.4422057214251,-26.3132592211477,0,,,-0.338187332556117,0.0447666747495532,,0.341137402038466,,,,,,,,,,,,,,
2026-03-26 20:08:59.034,1774523339.03483,-68.7803930539812,-26.2684925463982,0,,,-0.347012756275944,0.043598473072052,,0.349740875324064,,,,,,,,,,,,,,
2026-03-26 20:08:59.285,1774523339.28506,-69.1274058102572,-26.2248940733261,0,,,-0.327906065096613,0.0349361300468445,,0.329761915190027,,,,,,,,,,,,,,
2026-03-26 20:08:59.535,1774523339.53501,-69.4553118753538,-26.1899579432793,0,,,-0.345556905725971,0.0325997406616807,,0.347091224588171,,,,,,,,,,,,,,
2026-03-26 20:08:59.785,1774523339.78502,-69.8008687810798,-26.1573582026176,0,,,-0.345556909334846,0.0325997225008905,,0.347091226475384,,,,,,,,,,,,,,
2026-03-26 20:09:00.045,1774523340.04506,-70.1464256904146,-26.1247584801167,0,,,-0.326450216118246,0.0239373855292797,,0.327326659515578,,,,,,,,,,,,,,
2026-03-26 20:09:00.285,1774523340.28501,-70.4728759065329,-26.1008210945874,0,,,-0.307343521388248,0.0152750485576689,,0.307722874105529,,,,,,,,,,,,,,
2026-03-26 20:09:00.535,1774523340.53505,-70.7802194279211,-26.0855460460298,0,,,-0.298518106108531,0.0164432278834283,,0.29897063303584,,,,,,,,,,,,,,
2026-03-26 20:09:00.794,1774523340.79497,-71.0787375340296,-26.0691028181463,0,,,-0.282323134073522,0.0297783059068024,,0.28388923814716,,,,,,,,,,,,,,
2026-03-26 20:09:01.034,1774523341.03498,-71.3610606681032,-26.0393245122395,0,,,-0.288236829568632,0.00661269389092922,,0.288312673395173,,,,,,,,,,,,,,
2026-03-26 20:09:01.284,1774523341.28495,-71.6492974976718,-26.0327118183486,0,,,-0.286780969239771,-0.00438602222129703,,0.286814507145347,,,,,,,,,,,,,,
2026-03-26 20:09:01.535,1774523341.53504,-71.9360784669116,-26.0370978405699,0,,,-0.288236832187977,0.00661267386749387,,0.288312675554575,,,,,,,,,,,,,,
2026-03-26 20:09:01.785,1774523341.78507,-72.2243152990995,-26.0304851667024,0,,,-0.305887669965159,0.00427627889439464,,0.305917559479506,,,,,,,,,,,,,,
2026-03-26 20:09:02.034,1774523342.03483,-72.5302029690647,-26.026208887808,0,,,-0.330908062809613,-0.0102270166389644,,0.331066062745405,,,,,,,,,,,,,,
2026-03-26 20:09:02.284,1774523342.28493,-72.8611110318743,-26.036435904447,0,,,-0.323538508906495,0.00193986808881164,,0.323544324372473,,,,,,,,,,,,,,
2026-03-26 20:09:02.534,1774523342.53489,-73.1846495407808,-26.0344960363582,0,,,-0.320626780681778,-0.02005755295977,,0.321253541491911,,,,,,,,,,,,,,
2026-03-26 20:09:02.784,1774523342.78483,-73.5052763214626,-26.0545535893179,0,,,-0.32208264595829,-0.00905886059626937,,0.322210015025597,,,,,,,,,,,,,,
2026-03-26 20:09:03.044,1774523343.04496,-73.8273589674209,-26.0636124499142,0,,,-0.297062258410733,0.00544441444799304,,0.297112145528867,,,,,,,,,,,,,,
2026-03-26 20:09:03.285,1774523343.28509,-74.1244212258316,-26.0581680354662,0,,,-0.285325108852703,-0.0153848114423454,,0.285739584525707,,,,,,,,,,,,,,
2026-03-26 20:09:03.534,1774523343.5349,-74.4097463346843,-26.0735528469086,0,,,-0.276499691361096,-0.0142166255973279,,0.276864934157715,,,,,,,,,,,,,,
2026-03-26 20:09:03.794,1774523343.79496,-74.6862460260454,-26.0877694725059,0,,,-0.285325108852703,-0.0153848310001194,,0.285739585578738,,,,,,,,,,,,,,
2026-03-26 20:09:04.044,1774523344.0449,-74.9715711348981,-26.103154303506,0,,,-0.292694660485722,-0.0275517399422824,,0.293988541699671,,,,,,,,,,,,,,
2026-03-26 20:09:04.284,1774523344.28491,-75.2642657953838,-26.1307060434483,0,,,-0.291238792065997,-0.0385504546575248,,0.293779120358072,,,,,,,,,,,,,,
2026-03-26 20:09:04.535,1774523344.53503,-75.5555045874498,-26.1692564981058,0,,,-0.275043822301086,-0.0252153696492314,,0.27619724664185,,,,,,,,,,,,,,
2026-03-26 20:09:04.795,1774523344.795,-75.8305484097509,-26.1944718677551,0,,,-0.255937117733993,-0.033877688460052,,0.258169529591275,,,,,,,,,,,,,,
2026-03-26 20:09:05.034,1774523345.03495,-76.0864855274849,-26.2283495562151,0,,,-0.266218403587118,-0.0240471898578107,,0.267302274117769,,,,,,,,,,,,,,
2026-03-26 20:09:05.284,1774523345.28493,-76.352703931072,-26.2523967460729,0,,,-0.254481246578507,-0.0448764087632299,,0.258407811266679,,,,,,,,,,,,,,
2026-03-26 20:09:05.534,1774523345.53494,-76.6071851776505,-26.2972731548361,0,,,-0.255937114008702,-0.0338777131401002,,0.258169529136779,,,,,,,,,,,,,,
2026-03-26 20:09:05.784,1774523345.78491,-76.8631222916592,-26.3311508679763,0,,,-0.245655826001894,-0.0437082285061479,,0.249513915619587,,,,,,,,,,,,,,
2026-03-26 20:09:06.044,1774523346.045,-77.1087781176611,-26.3748590964824,0,,,-0.248567563015968,-0.0217108251526952,,0.249513914065945,,,,,,,,,,,,,,
2026-03-26 20:09:06.284,1774523346.28492,-77.3573456806771,-26.3965699216351,0,,,-0.220635441073682,-0.0292049441486597,,0.222559939388257,,,,,,,,,,,,,,
2026-03-26 20:09:06.534,1774523346.53489,-77.5779811217508,-26.4257748657838,0,,,-0.248567561618984,-0.0217108405195177,,0.249513914011366,,,,,,,,,,,,,,
2026-03-26 20:09:06.784,1774523346.78481,-77.8265486833698,-26.4474857063033,0,,,-0.239742145466153,-0.0205426490865648,,0.240620649039536,,,,,,,,,,,,,,
2026-03-26 20:09:07.034,1774523347.03496,-78.0662908288359,-26.4680283553898,0,,,-0.248567560920492,-0.021710854023695,,0.249513914490556,,,,,,,,,,,,,,
2026-03-26 20:09:07.285,1774523347.28513,-78.3148583897564,-26.4897392094135,0,,,-0.269130140019115,-0.00204985123127699,,0.269137946333806,,,,,,,,,,,,,,
2026-03-26 20:09:07.535,1774523347.53505,-78.5839885297755,-26.4917890606448,0,,,-0.279411429655738,0.00778064457699657,,0.279519740720217,,,,,,,,,,,,,,
2026-03-26 20:09:07.785,1774523347.78505,-78.8633999594313,-26.4840084160678,0,,,-0.277955558733083,-0.00321806920692325,,0.277974186931163,,,,,,,,,,,,,,
2026-03-26 20:09:08.035,1774523348.035,-79.1413555181644,-26.4872264852747,0,,,-0.298518140218221,0.016442930791527,,0.29897065075415,,,,,,,,,,,,,,
2026-03-26 20:09:08.285,1774523348.28507,-79.4398736583826,-26.4707835544832,0,,,-0.289692724240012,0.0176111203618348,,0.290227541832265,,,,,,,,,,,,,,
2026-03-26 20:09:08.534,1774523348.53496,-79.7295663826226,-26.4531724341214,0,,,-0.272041892108973,0.0199475097469986,,0.272772238703532,,,,,,,,,,,,,,
2026-03-26 20:09:08.784,1774523348.78494,-80.0016082747316,-26.4332249243744,0,,,-0.282323184306733,0.0297780064865947,,0.283889256696004,,,,,,,,,,,,,,
2026-03-26 20:09:09.034,1774523349.035,-80.2839314590383,-26.4034469178878,0,,,-0.273497771064285,0.0309461955912411,,0.275242979562974,,,,,,,,,,,,,,
2026-03-26 20:09:09.284,1774523349.28497,-80.5574292301026,-26.3725007222965,0,,,-0.270586025202647,0.00894877966493368,,0.270733961099192,,,,,,,,,,,,,,
2026-03-26 20:09:09.535,1774523349.53502,-80.8280152553052,-26.3635519426316,0,,,-0.301429902319796,0.0384402782656252,,0.303871092744375,,,,,,,,,,,,,,
2026-03-26 20:09:09.784,1774523349.78492,-81.129445157625,-26.325111664366,0,,,-0.299974032095633,0.0274415616877377,,0.30122659118938,,,,,,,,,,,,,,
2026-03-26 20:09:10.045,1774523350.04504,-81.4294191897207,-26.2976701026782,0,,,-0.29997403518064,0.0274415514431894,,0.301226593328286,,,,,,,,,,,,,,
2026-03-26 20:09:10.284,1774523350.28494,-81.7293932249013,-26.2702285512351,0,,,-0.310255331511144,0.0372720444574952,,0.312486121338422,,,,,,,,,,,,,,
2026-03-26 20:09:10.534,1774523350.53496,-82.0396485564124,-26.2329565067776,0,,,-0.308799458551221,0.0262733255513012,,0.309915138767134,,,,,,,,,,,,,,
2026-03-26 20:09:10.784,1774523350.78491,-82.3484480149637,-26.2066831812263,0,,,-0.279411455616355,0.00778051931411028,,0.279519763184014,,,,,,,,,,,,,,
2026-03-26 20:09:11.034,1774523351.0349,-82.62785947058,-26.1989026619121,0,,,-0.263216498773545,0.0211156220175326,,0.264062103906999,,,,,,,,,,,,,,
2026-03-26 20:09:11.284,1774523351.28493,-82.8910759693536,-26.1777870398946,0,,,-0.279411458526738,0.00778049929067493,,0.279519765535912,,,,,,,,,,,,,,
2026-03-26 20:09:11.534,1774523351.53498,-83.1704874278803,-26.1700065406039,0,,,-0.270586043421645,0.00894869631156325,,0.270733976553104,,,,,,,,,,,,,,
2026-03-26 20:09:11.784,1774523351.78494,-83.4410734713019,-26.1610578442924,0,,,-0.288236878928728,0.00661227712407708,,0.288312713183689,,,,,,,,,,,,,,
2026-03-26 20:09:12.044,1774523352.04493,-83.7293103502307,-26.1544455671683,0,,,-0.305887716298457,0.00427585979923606,,0.305917599950229,,,,,,,,,,,,,,
2026-03-26 20:09:12.285,1774523352.28508,-84.0351980665291,-26.1501697073691,0,,,-0.298518179333769,0.0164427547715604,,0.298970680129717,,,,,,,,,,,,,,
2026-03-26 20:09:12.535,1774523352.53505,-84.3337162458629,-26.1337269525975,0,,,-0.304431840486359,-0.00672286516055465,,0.304506063023183,,,,,,,,,,,,,,
2026-03-26 20:09:12.785,1774523352.78517,-84.6381480863493,-26.1404498177581,0,,,-0.304431842349004,-0.00672287726774812,,0.304506065152676,,,,,,,,,,,,,,
2026-03-26 20:09:13.035,1774523353.03505,-84.9425799286983,-26.1471726950258,0,,,-0.295606423460413,-0.00555468117818236,,0.295658607305873,,,,,,,,,,,,,,
2026-03-26 20:09:13.284,1774523353.28492,-85.2381863521587,-26.152727376204,0,,,-0.320626797620207,-0.0200580139644444,,0.321253587180575,,,,,,,,,,,,,,
2026-03-26 20:09:13.534,1774523353.5349,-85.5588131497789,-26.1727853901684,0,,,-0.339733513712417,-0.0113957379944623,,0.339924584553433,,,,,,,,,,,,,,
2026-03-26 20:09:13.784,1774523353.78493,-85.8985466634913,-26.1841811281629,0,,,-0.336821751727257,-0.0333931557834148,,0.338473034804537,,,,,,,,,,,,,,
2026-03-26 20:09:14.034,1774523354.03484,-86.2353684152186,-26.2175742839463,0,,,-0.348558931087609,-0.0125639718025923,,0.348785294742185,,,,,,,,,,,,,,
2026-03-26 20:09:14.285,1774523354.28502,-86.5839273463062,-26.2301382557489,0,,,-0.363298004143871,-0.0368978045880795,,0.365166931414032,,,,,,,,,,,,,,
2026-03-26 20:09:14.535,1774523354.53504,-86.94722535045,-26.267036060337,0,,,-0.364753883739468,-0.025899120606482,,0.36567220314267,,,,,,,,,,,,,,
2026-03-26 20:09:14.784,1774523354.78497,-87.3119792341895,-26.2929351809435,0,,,-0.345647164969705,-0.0345614212565124,,0.347370773800653,,,,,,,,,,,,,,
2026-03-26 20:09:15.034,1774523355.03493,-87.6576263991592,-26.3274966022,0,,,-0.386772368627135,0.00476053822785616,,0.386801664755548,,,,,,,,,,,,,,
2026-03-26 20:09:15.284,1774523355.28499,-88.0443987677863,-26.3227360639721,0,,,-0.389684139518067,0.0267579262144864,,0.390601734772436,,,,,,,,,,,,,,
2026-03-26 20:09:15.534,1774523355.53499,-88.4340829073044,-26.2959781377576,0,,,-0.39996544533642,0.0365883982740343,,0.401635491897093,,,,,,,,,,,,,,
2026-03-26 20:09:15.784,1774523355.78492,-88.8340483526408,-26.2593897394836,0,,,-0.38377050193958,0.0499235028401017,,0.387004075294799,,,,,,,,,,,,,,
2026-03-26 20:09:16.034,1774523356.0349,-89.2178188545804,-26.2094662366435,0,,,-0.396963582315948,0.0817513791844249,,0.405294181655333,,,,,,,,,,,,,,
2026-03-26 20:09:16.284,1774523356.28495,-89.6147824368964,-26.1277148574591,0,,,-0.395507705223281,0.0707526574842632,,0.401786365413351,,,,,,,,,,,,,,
2026-03-26 20:09:16.535,1774523356.53503,-90.0102901421196,-26.0569621999748,0,,,-0.402877244399861,0.0585857275873423,,0.407114678600715,,,,,,,,,,,,,,
2026-03-26 20:09:16.784,1774523356.78497,-90.4131673865195,-25.9983764723875,0,,,-0.392595947196241,0.0487552178092301,,0.395611740243562,,,,,,,,,,,,,,
2026-03-26 20:09:17.034,1774523357.03494,-90.8057633337157,-25.9496212545782,0,,,-0.392595953366254,0.0487551987171173,,0.395611744013626,,,,,,,,,,,,,,
2026-03-26 20:09:17.285,1774523357.28509,-91.198359287082,-25.9008660558611,0,,,-0.383770542452112,0.0499233934096992,,0.387004101352334,,,,,,,,,,,,,,
2026-03-26 20:09:17.534,1774523357.53495,-91.5821298295341,-25.8509426624514,0,,,-0.366119711427018,0.0522598014213145,,0.369830677391693,,,,,,,,,,,,,,
2026-03-26 20:09:17.784,1774523357.78488,-91.9482495409611,-25.7986828610301,0,,,-0.373489248217084,0.040092870593071,,0.375635004766801,,,,,,,,,,,,,,
2026-03-26 20:09:18.044,1774523358.04495,-92.3217387891782,-25.758589990437,0,,,-0.373489252058789,0.0400928538292646,,0.375635006797301,,,,,,,,,,,,,,
2026-03-26 20:09:18.284,1774523358.28492,-92.695228041237,-25.7184971366078,0,,,-0.363207948568743,0.0302623510360718,,0.364466492004059,,,,,,,,,,,,,,
2026-03-26 20:09:18.534,1774523358.53488,-93.0584359898057,-25.6882347855717,0,,,-0.336731699993834,0.0337669774889946,,0.338420517329372,,,,,,,,,,,,,,
2026-03-26 20:09:18.784,1774523358.78485,-93.3951676897996,-25.6544678080827,0,,,-0.327906285296194,0.0349351787008345,,0.329762033362861,,,,,,,,,,,,,,
2026-03-26 20:09:19.034,1774523359.03482,-93.7230739750958,-25.6195326293819,0,,,-0.327906289428938,0.0349351675249636,,0.329762036288369,,,,,,,,,,,,,,
2026-03-26 20:09:19.284,1774523359.28497,-94.0509802645247,-25.5845974618569,0,,,-0.326450401509646,0.0239364523440599,,0.327326776168142,,,,,,,,,,,,,,
2026-03-26 20:09:19.534,1774523359.53491,-94.3774306660343,-25.5606610095128,0,,,-0.310255460208282,0.0372715722769499,,0.312486192797456,,,,,,,,,,,,,,
2026-03-26 20:09:19.784,1774523359.78491,-94.6876861262426,-25.5233894372359,0,,,-0.308799571823329,0.0262728612869978,,0.309915212273417,,,,,,,,,,,,,,
2026-03-26 20:09:20.034,1774523360.03493,-94.996485698066,-25.4971165759489,0,,,-0.305887789872941,0.00427544629201293,,0.305917667738148,,,,,,,,,,,,,,
2026-03-26 20:09:20.284,1774523360.28497,-95.3023734879389,-25.4928411296569,0,,,-0.299974158115219,0.0274410550482571,,0.301226670530841,,,,,,,,,,,,,,
2026-03-26 20:09:20.534,1774523360.53493,-95.6023476460541,-25.4654000746086,0,,,-0.289692851190921,0.01761056156829,,0.290227634641975,,,,,,,,,,,,,,
2026-03-26 20:09:20.784,1774523360.78492,-95.892040497245,-25.4477895130403,0,,,-0.28086743404856,0.0187787660397589,,0.281494507163102,,,,,,,,,,,,,,
2026-03-26 20:09:21.034,1774523361.03482,-96.1729079312936,-25.4290107470006,0,,,-0.279411542112939,0.00778005737811327,,0.279519836789337,,,,,,,,,,,,,,
2026-03-26 20:09:21.284,1774523361.28495,-96.4523194734065,-25.4212306896225,0,,,-0.280867438297719,0.0187787492759526,,0.281494510284467,,,,,,,,,,,,,,
2026-03-26 20:09:21.535,1774523361.53519,-96.7331869117043,-25.4024519403465,0,,,-0.282323334307876,0.0297774393111467,,0.283889346377502,,,,,,,,,,,,,,
2026-03-26 20:09:21.785,1774523361.78516,-97.0155102460121,-25.3726745010354,0,,,-0.288146920327563,0.0737722315825522,,0.297440733335111,,,,,,,,,,,,,,
2026-03-26 20:09:22.034,1774523362.03498,-97.3036571663397,-25.2989022694528,0,,,-0.261670671228785,0.0772768775932491,,0.272842914498224,,,,,,,,,,,,,,
2026-03-26 20:09:22.285,1774523362.28506,-97.5653278375685,-25.2216253918596,0,,,-0.273407886794303,0.0981060513295233,,0.290476625339798,,,,,,,,,,,,,,
2026-03-26 20:09:22.535,1774523362.53505,-97.8387357243628,-25.12351934053,0,,,-0.267494268482551,0.121271661948413,,0.293700527174782,,,,,,,,,,,,,,
2026-03-26 20:09:22.785,1774523362.78501,-98.1062299928453,-25.0022476785816,0,,,-0.274773760291282,0.176265154965222,,0.326450645886212,,,,,,,,,,,,,,
2026-03-26 20:09:23.035,1774523363.03505,-98.3810037531366,-24.8259825236164,0,,,-0.264492454531137,0.1664346633479,,0.312500809067168,,,,,,,,,,,,,,
2026-03-26 20:09:23.284,1774523363.28498,-98.6454962076678,-24.6595478602685,0,,,-0.233558481326327,0.204103637952358,,0.310173917705611,,,,,,,,,,,,,,
2026-03-26 20:09:23.535,1774523363.53503,-98.8790546889941,-24.4554442223161,0,,,-0.171780554461293,0.21228117402643,,0.273078479080774,,,,,,,,,,,,,,
2026-03-26 20:09:23.785,1774523363.78509,-99.0508352434554,-24.2431630482897,0,,,-0.149671997816768,0.248781932517886,,0.29033456025385,,,,,,,,,,,,,,
2026-03-26 20:09:24.034,1774523364.03494,-99.2005072412721,-23.9943811157718,0,,,-0.11145852797199,0.231457413174212,,0.256895966435795,,,,,,,,,,,,,,
2026-03-26 20:09:24.284,1774523364.285,-99.3119657692441,-23.7629237025976,0,,,-0.104089011903852,0.243624331895262,,0.264928929131065,,,,,,,,,,,,,,
2026-03-26 20:09:24.535,1774523364.53501,-99.416054781148,-23.5192993707024,0,,,-0.0570501172915101,0.227468037046492,,0.234513163299546,,,,,,,,,,,,,,
2026-03-26 20:09:24.784,1774523364.78493,-99.4731048984395,-23.2918313336559,0,,,-0.112914439116139,0.242456107400358,,0.267459594287896,,,,,,,,,,,,,,
2026-03-26 20:09:25.034,1774523365.03494,-99.5860193375556,-23.0493752262555,0,,,-0.0938077041064389,0.23379385098815,,0.251911591852361,,,,,,,,,,,,,,
2026-03-26 20:09:25.284,1774523365.28488,-99.6798270416621,-22.8155813752674,0,,,-0.0893499801750295,0.267958169803023,,0.282462386383504,,,,,,,,,,,,,,
2026-03-26 20:09:25.534,1774523365.53492,-99.7691770218371,-22.5476232054643,0,,,-0.118738045857754,0.286450903862715,,0.310085220315132,,,,,,,,,,,,,,
2026-03-26 20:09:25.784,1774523365.78492,-99.8879150676949,-22.2611723016016,0,,,-0.0937176835141145,0.300954265985638,,0.315208620469374,,,,,,,,,,,,,,
2026-03-26 20:09:26.045,1774523366.04501,-99.981632751209,-21.960218035616,0,,,-0.111368533514906,0.298617823515087,,0.31870920096249,,,,,,,,,,,,,,
2026-03-26 20:09:26.285,1774523366.28503,-100.093001284724,-21.6616002121009,0,,,-0.120193960668985,0.297449599485844,,0.320815916711728,,,,,,,,,,,,,,
2026-03-26 20:09:26.535,1774523366.53504,-100.213195245393,-21.3641506126151,0,,,-0.123105762701016,0.319446997251362,,0.34234691887486,,,,,,,,,,,,,,
2026-03-26 20:09:26.784,1774523366.78496,-100.336301008094,-21.0447036153637,0,,,-0.120193972659763,0.297449596226215,,0.320815918181867,,,,,,,,,,,,,,
2026-03-26 20:09:27.034,1774523367.03483,-100.456494980754,-20.7472540191375,0,,,-0.118738079501782,0.286450893152505,,0.310085223304238,,,,,,,,,,,,,,
2026-03-26 20:09:27.284,1774523367.28496,-100.575233060255,-20.460803125985,0,,,-0.101087237650063,0.288787336554378,,0.305968552910086,,,,,,,,,,,,,,
2026-03-26 20:09:27.534,1774523367.53488,-100.676320297905,-20.1720157894306,0,,,-0.0878941202536225,0.256959459278733,,0.271576030032065,,,,,,,,,,,,,,
2026-03-26 20:09:27.784,1774523367.78496,-100.764214418159,-19.9150563301519,0,,,-0.0585060541052371,0.23846672475338,,0.245538871019578,,,,,,,,,,,,,,
2026-03-26 20:09:28.034,1774523368.03492,-100.822720472264,-19.6765896053985,0,,,-0.0673314786981791,0.237298503983766,,0.246665984717424,,,,,,,,,,,,,,
2026-03-26 20:09:28.284,1774523368.285,-100.890051950963,-19.4392911014147,0,,,-0.0761569057940505,0.236130278557539,,0.248107603172061,,,,,,,,,,,,,,
2026-03-26 20:09:28.534,1774523368.53495,-100.966208856757,-19.2031608228572,0,,,-0.0629637864767574,0.2043024036102,,0.213784729408804,,,,,,,,,,,,,,
2026-03-26 20:09:28.784,1774523368.78491,-101.029172643233,-18.998858419247,0,,,-0.0644196874345653,0.215301100630313,,0.224731973830586,,,,,,,,,,,,,,
2026-03-26 20:09:29.034,1774523369.03491,-101.093592330668,-18.7835573186167,0,,,-0.0364875130471773,0.207807070109993,,0.210986058771824,,,,,,,,,,,,,,
2026-03-26 20:09:29.284,1774523369.28492,-101.130079843715,-18.5757502485067,0,,,-0.0467688394128345,0.217637547291815,,0.222605988983272,,,,,,,,,,,,,,
2026-03-26 20:09:29.534,1774523369.53493,-101.176848683128,-18.3581127012149,0,,,-0.0246602605329826,0.254138315096498,,0.255331963627042,,,,,,,,,,,,,,
2026-03-26 20:09:29.784,1774523369.78496,-101.201508943661,-18.1039743861184,0,,,-0.00409761001355946,0.234477359801531,,0.234513160968249,,,,,,,,,,,,,,
2026-03-26 20:09:30.034,1774523370.03496,-101.205606553674,-17.8694970263168,0,,,-0.0158348334371112,0.255306536797434,,0.255797126022715,,,,,,,,,,,,,,
2026-03-26 20:09:30.285,1774523370.28505,-101.221441387112,-17.6141904895194,0,,,-0.0143789342837408,0.244307837449014,,0.244730613512389,,,,,,,,,,,,,,
2026-03-26 20:09:30.534,1774523370.53498,-101.235820321395,-17.3698826520704,0,,,-0.039399312750902,0.229804467409849,,0.233157455567622,,,,,,,,,,,,,,
2026-03-26 20:09:30.785,1774523370.78503,-101.275219634146,-17.1400781846605,0,,,-0.0334856859990396,0.252970092464238,,0.255176720819497,,,,,,,,,,,,,,
2026-03-26 20:09:31.034,1774523371.03496,-101.308705320145,-16.8871080921963,0,,,-0.0129230321617797,0.23330913670361,,0.233666767062923,,,,,,,,,,,,,,
2026-03-26 20:09:31.285,1774523371.28504,-101.321628352307,-16.6537989554927,0,,,-0.0143789307330735,0.244307836517692,,0.244730612374058,,,,,,,,,,,,,,
2026-03-26 20:09:31.535,1774523371.53505,-101.33600728304,-16.409491118975,0,,,-0.0129230307647958,0.233309139497578,,0.233666769775354,,,,,,,,,,,,,,
2026-03-26 20:09:31.784,1774523371.78495,-101.348930313805,-16.1761819794774,0,,,0.00472782534779981,0.235645583830774,,0.235693006921006,,,,,,,,,,,,,,
2026-03-26 20:09:32.034,1774523372.03489,-101.344202488457,-15.9405363956466,0,,,0.0164650549995713,0.214816405903548,,0.215446481246403,,,,,,,,,,,,,,
2026-03-26 20:09:32.284,1774523372.28487,-101.327737433458,-15.7257199897431,0,,,-0.0143789262510836,0.244307838380337,,0.244730613970151,,,,,,,,,,,,,,
2026-03-26 20:09:32.534,1774523372.53491,-101.342116359709,-15.4814121513627,0,,,-0.0261161518283188,0.265137013047934,,0.266420136390439,,,,,,,,,,,,,,
2026-03-26 20:09:32.784,1774523372.78494,-101.368232511537,-15.2162751383148,0,,,0.0135532616986893,0.236813806928694,,0.237201328104912,,,,,,,,,,,,,,
2026-03-26 20:09:33.034,1774523373.03499,-101.354679249838,-14.9794613313861,0,,,-0.00264169572619721,0.223478660453111,,0.223494273381281,,,,,,,,,,,,,,
2026-03-26 20:09:33.284,1774523373.28495,-101.357320945564,-14.755982670933,0,,,0.00472783669829369,0.235645583830774,,0.235693007148689,,,,,,,,,,,,,,
2026-03-26 20:09:33.534,1774523373.53496,-101.352593108866,-14.5203370871022,0,,,0.0223786971182562,0.237982031423599,,0.239031908675836,,,,,,,,,,,,,,
2026-03-26 20:09:33.785,1774523373.78502,-101.330214411748,-14.2823550556786,0,,,0.0180110042565502,0.270978129003197,,0.271576034790264,,,,,,,,,,,,,,
2026-03-26 20:09:34.034,1774523374.03499,-101.312203407491,-14.0113769266754,0,,,0.0223787029390223,0.237982030492276,,0.239031908293557,,,,,,,,,,,,,,
2026-03-26 20:09:34.284,1774523374.28489,-101.289824704552,-13.7733948961832,0,,,0.0562245299806818,0.253653621301055,,0.259810233383305,,,,,,,,,,,,,,
2026-03-26 20:09:34.534,1774523374.53489,-101.233600174572,-13.5197412748821,0,,,0.0312041412689723,0.239150253124535,,0.241177407735184,,,,,,,,,,,,,,
2026-03-26 20:09:34.784,1774523374.78496,-101.202396033303,-13.2805910217576,0,,,0.0400295764557086,0.240318476688117,,0.243629508124366,,,,,,,,,,,,,,
2026-03-26 20:09:35.034,1774523375.03493,-101.162366456847,-13.0402725450695,0,,,0.0223787160939537,0.237982030492276,,0.239031909525152,,,,,,,,,,,,,,
2026-03-26 20:09:35.284,1774523375.28489,-101.139987740753,-12.8022905145772,0,,,-0.0276620728545822,0.208975292742252,,0.210798157608937,,,,,,,,,,,,,,
2026-03-26 20:09:35.534,1774523375.53488,-101.167649813608,-12.5933152218349,0,,,0.00618375581689179,0.224646885879338,,0.224731978523946,,,,,,,,,,,,,,
2026-03-26 20:09:35.784,1774523375.78496,-101.161466057791,-12.3686683359556,0,,,0.00909555371617898,0.202649483922869,,0.202853499924475,,,,,,,,,,,,,,
2026-03-26 20:09:36.034,1774523376.03497,-101.152370504075,-12.1660188520327,0,,,-0.0466787930345163,0.284797969274223,,0.288597978201304,,,,,,,,,,,,,,
2026-03-26 20:09:36.284,1774523376.28497,-101.199049297109,-11.8812208827585,0,,,0.0400295912986621,0.240318477153778,,0.243629511022472,,,,,,,,,,,,,,
2026-03-26 20:09:36.534,1774523376.53499,-101.15901970581,-11.6409024056047,0,,,0.0209228321327828,0.248980730772018,,0.249858298241673,,,,,,,,,,,,,,
2026-03-26 20:09:36.784,1774523376.78495,-101.138096873678,-11.3919216748327,0,,,0.125372133450583,0.273998103104532,,0.301318987703783,,,,,,,,,,,,,,
2026-03-26 20:09:37.034,1774523377.03496,-101.012724740227,-11.1179235717282,0,,,-0.010011198464781,0.211311740335077,,0.211548754896218,,,,,,,,,,,,,,
2026-03-26 20:09:37.284,1774523377.28491,-101.022735938692,-10.9066118313931,0,,,-0.0245701786479913,0.32129873521626,,0.322236824292883,,,,,,,,,,,,,,
2026-03-26 20:09:37.534,1774523377.53485,-101.04730611734,-10.5853130961768,0,,,0.00763967144303024,0.213648186530918,,0.213784733289604,,,,,,,,,,,,,,
2026-03-26 20:09:37.784,1774523377.78491,-101.039666445897,-10.3716649096459,0,,,-0.00564350129570812,0.178315641824156,,0.178404924892883,,,,,,,,,,,,,,
2026-03-26 20:09:38.034,1774523378.03497,-101.045309947192,-10.1933492678218,0,,,-0.00846525077940896,0.267473459709436,,0.267607384277216,,,,,,,,,,,,,,
2026-03-26 20:09:38.284,1774523378.28498,-101.053775197972,-9.92587580811232,0,,,-0.0320297573925927,0.241971394512802,,0.244082078656133,,,,,,,,,,,,,,
2026-03-26 20:09:38.534,1774523378.53495,-101.085804955364,-9.68390441359952,0,,,-0.00255161063978449,0.290639084298164,,0.290650284772839,,,,,,,,,,,,,,
2026-03-26 20:09:38.784,1774523378.78497,-101.088356566004,-9.39326532930136,0,,,-0.00409755174769089,0.234477361664176,,0.234513161812547,,,,,,,,,,,,,,
2026-03-26 20:09:39.034,1774523379.03489,-101.092454117752,-9.15878796763718,0,,,-0.0115571369533427,0.155150018166751,,0.155579868722471,,,,,,,,,,,,,,
2026-03-26 20:09:39.284,1774523379.28492,-101.104011254705,-9.00363794947043,0,,,-0.0261161153321154,0.265137016773224,,0.266420136520206,,,,,,,,,,,,,,
2026-03-26 20:09:39.534,1774523379.53492,-101.130127370037,-8.73850093269721,0,,,-0.00564349687192589,0.17831563949585,,0.178404922425804,,,,,,,,,,,,,,
2026-03-26 20:09:39.784,1774523379.7849,-101.135770866909,-8.56018529320136,0,,,-0.0218384693143889,0.164980495348573,,0.166419597966874,,,,,,,,,,,,,,
2026-03-26 20:09:40.034,1774523380.03494,-101.157609336224,-8.39520479785278,0,,,-0.0629638053942472,0.204302402213216,,0.213784733645355,,,,,,,,,,,,,,
2026-03-26 20:09:40.284,1774523380.28484,-101.220573141618,-8.19090239563957,0,,,-0.023294368351344,0.175979194696993,,0.177514237634873,,,,,,,,,,,,,,
2026-03-26 20:09:40.534,1774523380.53491,-101.243867509969,-8.01492320094258,0,,,0.0150092228432186,0.225815108977258,,0.226313367286973,,,,,,,,,,,,,,
2026-03-26 20:09:40.784,1774523380.78492,-101.228858287126,-7.78910809196532,0,,,0.012097429134883,0.247812507674098,,0.248107611232301,,,,,,,,,,,,,,
2026-03-26 20:09:41.034,1774523381.03489,-101.216760857991,-7.54129558429122,0,,,-0.0114670837647282,0.222310439217836,,0.222605986881068,,,,,,,,,,,,,,
2026-03-26 20:09:41.284,1774523381.28491,-101.228227941756,-7.31898514507338,0,,,0.150302584283054,0.221341056283563,,0.267549490821583,,,,,,,,,,,,,,
2026-03-26 20:09:41.534,1774523381.53491,-101.077925357473,-7.09764408878982,0,,,-0.0084652315126732,0.267473462503403,,0.267607386460319,,,,,,,,,,,,,,
2026-03-26 20:09:41.784,1774523381.78493,-101.086390588986,-6.83017062628642,0,,,0.0385737559990957,0.251317176036537,,0.254260216358866,,,,,,,,,,,,,,
2026-03-26 20:09:42.034,1774523382.03497,-101.047816832986,-6.57885345024988,0,,,0.0312942710588686,0.306310678366572,,0.307905120260276,,,,,,,,,,,,,,
2026-03-26 20:09:42.284,1774523382.28494,-101.016522561928,-6.27254277188331,0,,,0.0268365305964835,0.272146351635456,,0.273466334459921,,,,,,,,,,,,,,
2026-03-26 20:09:42.534,1774523382.53483,-100.989686031331,-6.00039642024785,0,,,-0.0275719967903569,0.276135716587305,,0.277508826854556,,,,,,,,,,,,,,
2026-03-26 20:09:42.785,1774523382.78502,-101.017258028121,-5.72426070366055,0,,,-0.0466787709738128,0.284797969739884,,0.288597975092664,,,,,,,,,,,,,,
2026-03-26 20:09:43.034,1774523383.03497,-101.063936799095,-5.43946273392066,0,,,-0.0495905663701706,0.306795368436724,,0.310777448292407,,,,,,,,,,,,,,
2026-03-26 20:09:43.284,1774523383.28495,-101.113527365465,-5.13266736548394,0,,,-0.162865387217607,0.280609767884016,,0.324448726589368,,,,,,,,,,,,,,
2026-03-26 20:09:43.534,1774523383.53485,-101.276392752683,-4.85205759759992,0,,,0.017921042686794,0.203817711211741,,0.204604064413624,,,,,,,,,,,,,,
2026-03-26 20:09:43.784,1774523383.78494,-101.258471709996,-4.64823988638818,0,,,-0.0718793091946282,0.135973755735904,,0.153803437345282,,,,,,,,,,,,,,
2026-03-26 20:09:44.034,1774523384.03497,-101.330351019191,-4.51226613065228,0,,,0.000270163058303297,0.2014812650159,,0.201481446144516,,,,,,,,,,,,,,
2026-03-26 20:09:44.284,1774523384.28499,-101.330080856133,-4.31078486563638,0,,,-0.0172906606458128,0.266305237542838,,0.266865971019754,,,,,,,,,,,,,,
2026-03-26 20:09:44.534,1774523384.53488,-101.347371516778,-4.04447962809354,0,,,-0.0643296593334526,0.282461521681398,,0.28969434979048,,,,,,,,,,,,,,
2026-03-26 20:09:44.784,1774523384.78492,-101.411701176112,-3.76201810641214,0,,,-0.0350315974792466,0.196808369830251,,0.199901844056499,,,,,,,,,,,,,,
2026-03-26 20:09:45.034,1774523385.03492,-101.446732773591,-3.56520973658189,0,,,-0.00700932211475447,0.256474763154984,,0.256570525844091,,,,,,,,,,,,,,
2026-03-26 20:09:45.284,1774523385.28494,-101.453742095706,-3.30873497342691,0,,,-0.0217484085005708,0.232140915468335,,0.233157453037179,,,,,,,,,,,,,,
2026-03-26 20:09:45.534,1774523385.53493,-101.475490504206,-3.07659405795857,0,,,-0.0305738496826962,0.230972692370415,,0.232987435080217,,,,,,,,,,,,,,
2026-03-26 20:09:45.784,1774523385.78492,-101.506064353889,-2.84562136558816,0,,,-0.0246602022089064,0.254138316493481,,0.255331959384494,,,,,,,,,,,,,,
2026-03-26 20:09:46.034,1774523386.03482,-101.530724556098,-2.59148304909468,0,,,-0.0202925102203153,0.221142215654254,,0.222071307276546,,,,,,,,,,,,,,
2026-03-26 20:09:46.284,1774523386.2849,-101.551017066318,-2.37034083344042,0,,,-0.0393992915633135,0.229804469272494,,0.23315745382317,,,,,,,,,,,,,,
2026-03-26 20:09:46.534,1774523386.53493,-101.590416357882,-2.14053636416793,0,,,-0.0232043053256348,0.243139615748078,,0.244244370522164,,,,,,,,,,,,,,
2026-03-26 20:09:46.784,1774523386.78498,-101.613620663207,-1.89739674841985,0,,,0.0459433433134109,0.263484103605151,,0.267459648634002,,,,,,,,,,,,,,
2026-03-26 20:09:47.034,1774523387.03479,-101.567677319894,-1.6339126448147,0,,,0.0856128125451505,0.235160899348557,,0.250260269028692,,,,,,,,,,,,,,
2026-03-26 20:09:47.284,1774523387.28495,-101.482064507349,-1.39875174546614,0,,,0.0621383434627205,0.276819251012057,,0.283707721888509,,,,,,,,,,,,,,
2026-03-26 20:09:47.534,1774523387.53489,-101.419926163886,-1.12193249445409,0,,,-0.00846520240884274,0.267473462037742,,0.26760738507425,,,,,,,,,,,,,,
2026-03-26 20:09:47.784,1774523387.78495,-101.428391366295,-0.854459032416344,0,,,-0.0423110797419213,0.251801869831979,,0.255331958673035,,,,,,,,,,,,,,
2026-03-26 20:09:48.044,1774523388.04495,-101.470702446037,-0.602657162584364,0,,,0.0738755941274576,0.255990074016154,,0.266436711814421,,,,,,,,,,,,,,
2026-03-26 20:09:48.284,1774523388.28494,-101.396826851909,-0.346667088568211,0,,,0.0430315754492767,0.285481503233314,,0.288706434244198,,,,,,,,,,,,,,
2026-03-26 20:09:48.534,1774523388.53492,-101.35379527646,-0.061185585334897,0,,,0.0120974908350036,0.247812509536743,,0.248107616101162,,,,,,,,,,,,,,
2026-03-26 20:09:48.784,1774523388.78493,-101.341697785625,0.186626924201846,0,,,-0.00846519152401015,0.267473463434726,,0.267607386126216,,,,,,,,,,,,,,
2026-03-26 20:09:49.034,1774523389.03483,-101.350162977149,0.454100387636572,0,,,0.0120974950841628,0.247812511399388,,0.248107618168776,,,,,,,,,,,,,,
2026-03-26 20:09:49.284,1774523389.28494,-101.338065482065,0.70191289903596,0,,,0.0253806990222074,0.283145057037473,,0.284280325044857,,,,,,,,,,,,,,
2026-03-26 20:09:49.534,1774523389.53494,-101.312684783043,0.985057956073433,0,,,0.0430315957055427,0.285481502301991,,0.288706436342467,,,,,,,,,,,,,,
2026-03-26 20:09:49.784,1774523389.78495,-101.269653187337,1.27053945837542,0,,,-0.017290627991315,0.266305240336806,,0.266865971692117,,,,,,,,,,,,,,
2026-03-26 20:09:50.034,1774523390.03492,-101.286943815328,1.53684469871223,0,,,-0.00846518069738522,0.267473462969065,,0.267607385318311,,,,,,,,,,,,,,
2026-03-26 20:09:50.284,1774523390.28492,-101.295408996026,1.80431816168129,0,,,0.000360267236828804,0.268641686998308,,0.268641928569944,,,,,,,,,,,,,,
2026-03-26 20:09:50.534,1774523390.53494,-101.295048728789,2.0729598486796,0,,,-0.00400741898920387,0.301637784577906,,0.301664403753612,,,,,,,,,,,,,,
2026-03-26 20:09:50.794,1774523390.79491,-101.299056147778,2.37459763325751,0,,,-0.0128328654682264,0.300469564739615,,0.30074348167656,,,,,,,,,,,,,,
2026-03-26 20:09:51.034,1774523391.03483,-101.311889013246,2.67506719799712,0,,,-0.00546331133227795,0.312636484857649,,0.31268421679845,,,,,,,,,,,,,,
2026-03-26 20:09:51.284,1774523391.28485,-101.317352324579,2.98770368285477,0,,,0.0136434841551818,0.303974234033376,,0.304280264913895,,,,,,,,,,,,,,
2026-03-26 20:09:51.534,1774523391.53488,-101.303708840424,3.29167791688815,0,,,0.0121875901240855,0.314972932450473,,0.315208638094649,,,,,,,,,,,,,,
2026-03-26 20:09:51.784,1774523391.7849,-101.291521250299,3.60665084933862,0,,,0.012187595188152,0.314972932916135,,0.315208638755765,,,,,,,,,,,,,,
2026-03-26 20:09:52.044,1774523392.04493,-101.279333655111,3.92162378225476,0,,,0.0725098461844027,0.334149197209626,,0.341925962438543,,,,,,,,,,,,,,
2026-03-26 20:09:52.284,1774523392.2849,-101.206823808927,4.25577297946438,0,,,0.0916166506358422,0.325486942660064,,0.338135121683515,,,,,,,,,,,,,,
2026-03-26 20:09:52.534,1774523392.53488,-101.115207158291,4.58125992212445,0,,,0.103353902581148,0.304657766129822,,0.32171164673037,,,,,,,,,,,,,,
2026-03-26 20:09:52.784,1774523392.78488,-101.01185325571,4.88591768825427,0,,,0.131286158459261,0.297163735609502,,0.324872807671532,,,,,,,,,,,,,,
2026-03-26 20:09:53.034,1774523393.03495,-100.880567097251,5.18308142386377,0,,,0.0989862367277965,0.337653861381114,,0.351864185684061,,,,,,,,,,,,,,
2026-03-26 20:09:53.284,1774523393.28497,-100.781580860523,5.52073528524488,0,,,0.0636844432447106,0.332980970386416,,0.339016275348054,,,,,,,,,,,,,,
2026-03-26 20:09:53.535,1774523393.53516,-100.717896417278,5.8537162556313,0,,,0.0665962414350361,0.310983570758253,,0.31803433879823,,,,,,,,,,,,,,
2026-03-26 20:09:53.785,1774523393.78512,-100.651300175843,6.16469982638955,0,,,0.0577707965276204,0.309815347194672,,0.315155539835159,,,,,,,,,,,,,,
2026-03-26 20:09:54.034,1774523394.03498,-100.593529379315,6.47451517358422,0,,,0.0136435448075645,0.30397423543036,,0.304280269029045,,,,,,,,,,,,,,
2026-03-26 20:09:54.285,1774523394.28501,-100.579885834508,6.77848940901458,0,,,-0.0393091652076691,0.296964893583208,,0.299555267839192,,,,,,,,,,,,,,
2026-03-26 20:09:54.534,1774523394.53492,-100.619194999716,7.07545430259779,0,,,0.0356621390674263,0.273314581252635,,0.275631363397142,,,,,,,,,,,,,,
2026-03-26 20:09:54.784,1774523394.78494,-100.583532860648,7.34876888385043,0,,,0.0312043759622611,0.239150256849825,,0.241177441794484,,,,,,,,,,,,,,
2026-03-26 20:09:55.035,1774523395.03508,-100.552328484686,7.58791914070025,0,,,0.0180112409288995,0.27097813365981,,0.271576055132909,,,,,,,,,,,,,,
2026-03-26 20:09:55.284,1774523395.28492,-100.534317243757,7.85889727436006,0,,,0.0194671401404776,0.259979435708374,,0.260707262147592,,,,,,,,,,,,,,
2026-03-26 20:09:55.534,1774523395.53486,-100.514850103616,8.11887671006843,0,,,0.0385739439516328,0.251317180227488,,0.254260249015609,,,,,,,,,,,,,,
2026-03-26 20:09:55.784,1774523395.78488,-100.476276159665,8.37019389029592,0,,,0.0282926004729234,0.261147656012327,,0.262675787773165,,,,,,,,,,,,,,
2026-03-26 20:09:56.034,1774523396.03495,-100.447983559192,8.63134154630825,0,,,0.01801125559723,0.270978134591132,,0.271576057035002,,,,,,,,,,,,,,
2026-03-26 20:09:56.284,1774523396.28495,-100.429972303595,8.90231968089938,0,,,0.0444876208202913,0.274482801090926,,0.278064662445574,,,,,,,,,,,,,,
2026-03-26 20:09:56.534,1774523396.53493,-100.385484682774,9.17680248199031,0,,,0.0606826422736049,0.287817948032171,,0.29414546449462,,,,,,,,,,,,,,
2026-03-26 20:09:56.784,1774523396.78495,-100.324802040501,9.46462043002248,0,,,0.0210131453350186,0.316141155548394,,0.316838732651714,,,,,,,,,,,,,,
2026-03-26 20:09:57.034,1774523397.03488,-100.303788895166,9.78076158557087,0,,,0.0386640605283901,0.31847760360688,,0.320815980860873,,,,,,,,,,,,,,
2026-03-26 20:09:57.284,1774523397.28493,-100.265124834637,10.0992391891778,0,,,0.0224690487375483,0.305142456199974,,0.30596858781078,,,,,,,,,,,,,,
2026-03-26 20:09:57.534,1774523397.5349,-100.2426557859,10.4043816453777,0,,,0.00627403461840004,0.291807312518358,,0.291874752504528,,,,,,,,,,,,,,
2026-03-26 20:09:57.784,1774523397.78495,-100.236381751281,10.6961889578961,0,,,-0.0172905434737913,0.266305244993418,,0.266865970862948,,,,,,,,,,,,,,
2026-03-26 20:09:58.034,1774523398.03489,-100.253672294755,10.9624942028895,0,,,-0.017290543531999,0.266305243596435,,0.266865969472671,,,,,,,,,,,,,,
2026-03-26 20:09:58.284,1774523398.28493,-100.270962838287,11.2287994464859,0,,,-0.00700919004157186,0.256474767811596,,0.256570526890855,,,,,,,,,,,,,,
2026-03-26 20:09:58.534,1774523398.53491,-100.277972028329,11.4852742142975,0,,,-0.0172905400395393,0.266305243130773,,0.266865968781707,,,,,,,,,,,,,,
2026-03-26 20:09:58.784,1774523398.78488,-100.295262568368,11.7515794574283,0,,,0.0400298861204647,0.240318481810391,,0.243629564056722,,,,,,,,,,,,,,
2026-03-26 20:09:59.034,1774523399.03488,-100.255232682248,11.9918979392387,0,,,0.0944385304464959,0.236329115461558,,0.254499679464899,,,,,,,,,,,,,,
2026-03-26 20:09:59.284,1774523399.28486,-100.160794151801,12.2282270547003,0,,,0.112089452217333,0.238665557000786,,0.263676493826957,,,,,,,,,,,,,,
2026-03-26 20:09:59.534,1774523399.53485,-100.048704699584,12.466892611701,0,,,0.119459026376717,0.250832480378449,,0.277826190622263,,,,,,,,,,,,,,
2026-03-26 20:09:59.784,1774523399.78491,-99.9292456732073,12.7177250920795,0,,,0.106265895068645,0.28266035579145,,0.301975689734934,,,,,,,,,,,,,,
2026-03-26 20:10:00.034,1774523400.03496,-99.8229797781387,13.0003854478709,0,,,0.0489454730995931,0.308647122234106,,0.312503928615847,,,,,,,,,,,,,,
2026-03-26 20:10:00.284,1774523400.28495,-99.7740343050391,13.309032570105,0,,,0.0548591531696729,0.331812745891511,,0.336317149462466,,,,,,,,,,,,,,
2026-03-26 20:10:00.534,1774523400.53492,-99.7191751518694,13.6408453159966,0,,,0.0372082412941381,0.329476300161332,,0.331570634387611,,,,,,,,,,,,,,
2026-03-26 20:10:00.784,1774523400.7849,-99.6819669105753,13.9703216161579,0,,,0.0431219207821414,0.352641924284399,,0.355268668496034,,,,,,,,,,,,,,
2026-03-26 20:10:01.034,1774523401.03493,-99.6388449897931,14.3229635404423,0,,,0.00190641236258671,0.324803411960602,,0.324809006693695,,,,,,,,,,,,,,
2026-03-26 20:10:01.284,1774523401.28499,-99.6369385774306,14.6477669524029,0,,,0.0121877691708505,0.314972936641425,,0.315208649205387,,,,,,,,,,,,,,
2026-03-26 20:10:01.535,1774523401.53504,-99.6247508082597,14.9627398890443,0,,,0.0136436642496847,0.303974234499037,,0.304280273454317,,,,,,,,,,,,,,
2026-03-26 20:10:01.784,1774523401.78497,-99.61110714401,15.2667141235434,0,,,0.00627409940352663,0.291807314846665,,0.291874756224902,,,,,,,,,,,,,,
2026-03-26 20:10:02.044,1774523402.045,-99.6048330446065,15.55852143839,0,,,0.0444877338013612,0.274482799693942,,0.278064679142471,,,,,,,,,,,,,,
2026-03-26 20:10:02.284,1774523402.28492,-99.5603453108051,15.833004238084,0,,,0.0342063836287707,0.284313279204071,,0.286363610489759,,,,,,,,,,,,,,
2026-03-26 20:10:02.534,1774523402.53497,-99.5261389271764,16.117317517288,0,,,0.00773000239860266,0.280808613169938,,0.280914987438382,,,,,,,,,,,,,,
2026-03-26 20:10:02.785,1774523402.78504,-99.5184089247778,16.398126130458,0,,,0.0239250379381701,0.294143756851554,,0.295115159107574,,,,,,,,,,,,,,
2026-03-26 20:10:03.035,1774523403.03502,-99.4944838868396,16.6922698873095,0,,,0.0136436875909567,0.303974236827344,,0.304280276826885,,,,,,,,,,,,,,
2026-03-26 20:10:03.284,1774523403.285,-99.4808401992486,16.9962441241369,0,,,0.0136436901520938,0.303974233567715,,0.304280273685374,,,,,,,,,,,,,,
2026-03-26 20:10:03.535,1774523403.53501,-99.4671965090965,17.3002183577046,0,,,0.0283828375977464,0.328308081254363,,0.329532671653391,,,,,,,,,,,,,,
2026-03-26 20:10:03.784,1774523403.78496,-99.4388136714988,17.6285264389589,0,,,0.018101486552041,0.338138558436185,,0.338622722977498,,,,,,,,,,,,,,
2026-03-26 20:10:04.034,1774523404.03493,-99.4207121849468,17.9666649973951,0,,,0.0181014901027083,0.338138558436185,,0.338622723167303,,,,,,,,,,,,,,
2026-03-26 20:10:04.285,1774523404.28503,-99.402610694844,18.3048035558313,0,,,0.0416661067865789,0.363640623632818,,0.366019900566644,,,,,,,,,,,,,,
2026-03-26 20:10:04.534,1774523404.53493,-99.3609445880575,18.6684441794641,0,,,0.0137338267522864,0.371134658809751,,0.371388681797241,,,,,,,,,,,,,,
2026-03-26 20:10:04.784,1774523404.78493,-99.3472107613052,19.0395788382739,0,,,0.0387543358374387,0.385638025123626,,0.387580423870261,,,,,,,,,,,,,,
2026-03-26 20:10:05.034,1774523405.03483,-99.3084564254677,19.4252168633975,0,,,0.0196475203265436,0.394300282467157,,0.394789485433264,,,,,,,,,,,,,,
2026-03-26 20:10:05.284,1774523405.28489,-99.2888089051412,19.8195171458647,0,,,0.0387543503311463,0.385638023260981,,0.387580423466183,,,,,,,,,,,,,,
2026-03-26 20:10:05.534,1774523405.53486,-99.2500545548101,20.2051551691256,0,,,0.0564052911358886,0.38797446899116,,0.392053243140644,,,,,,,,,,,,,,
2026-03-26 20:10:05.784,1774523405.78486,-99.1936492636742,20.5931296381168,0,,,0.0490357254166156,0.375807545147836,,0.378993157401524,,,,,,,,,,,,,,
2026-03-26 20:10:06.034,1774523406.03479,-99.1446135382575,20.9689371832646,0,,,0.0313847984652966,0.37347110407427,,0.374787501329969,,,,,,,,,,,,,,
2026-03-26 20:10:06.284,1774523406.28493,-99.1132287397923,21.3424082873389,0,,,0.0166456518345512,0.349137258250266,,0.349533836450079,,,,,,,,,,,,,,
2026-03-26 20:10:06.534,1774523406.53495,-99.0965830879577,21.6915455455892,0,,,0.0313848096411675,0.373471103608608,,0.374787501801813,,,,,,,,,,,,,,
2026-03-26 20:10:06.784,1774523406.78485,-99.0651982783165,22.0650166491978,0,,,0.0151897714240476,0.360135959926993,,0.360456153766934,,,,,,,,,,,,,,
2026-03-26 20:10:07.034,1774523407.03494,-99.0500085068925,22.4251526091248,0,,,0.0137338857166469,0.371134659741074,,0.371388684908413,,,,,,,,,,,,,,
2026-03-26 20:10:07.284,1774523407.28492,-99.0362746211758,22.7962872688659,0,,,-0.00837484473595396,0.334633896593004,,0.33473867833486,,,,,,,,,,,,,,
2026-03-26 20:10:07.534,1774523407.53499,-99.0446494659118,23.1309211654589,0,,,-0.0377630325383507,0.353126630187035,,0.355140061910429,,,,,,,,,,,,,,
2026-03-26 20:10:07.784,1774523407.78489,-99.0824124984501,23.4840477956459,0,,,-0.00983073102543131,0.345632595010102,,0.345772373109697,,,,,,,,,,,,,,
2026-03-26 20:10:08.034,1774523408.0349,-99.0922432294756,23.829680390656,0,,,-0.00691894709598273,0.323635194916278,,0.323709146020644,,,,,,,,,,,,,,
2026-03-26 20:10:08.284,1774523408.28489,-99.0991621765716,24.1533155855723,0,,,-0.0378531555179507,0.285966206807643,,0.288460626114931,,,,,,,,,,,,,,
2026-03-26 20:10:08.535,1774523408.53502,-99.1370153320895,24.4392817923799,0,,,-0.0143786530825309,0.244307850953192,,0.244730610471667,,,,,,,,,,,,,,
2026-03-26 20:10:08.784,1774523408.785,-99.151393985172,24.6835896433331,0,,,-0.0570501150214113,0.227468040771782,,0.234513166360675,,,,,,,,,,,,,,
2026-03-26 20:10:09.034,1774523409.03493,-99.2084441001935,24.9110576841049,0,,,-0.0173805594095029,0.199144827201962,,0.199901841028758,,,,,,,,,,,,,,
2026-03-26 20:10:09.284,1774523409.28492,-99.225824659603,25.1102025113069,0,,,0.00463805434992537,0.168485169298947,,0.16854899531545,,,,,,,,,,,,,,
2026-03-26 20:10:09.534,1774523409.53496,-99.221186605253,25.2786876806058,0,,,0.0193772179773077,0.192819013260305,,0.193790217635509,,,,,,,,,,,,,,
2026-03-26 20:10:09.784,1774523409.78497,-99.2018093872757,25.4715066938661,0,,,0.0591369073372334,0.231656222138554,,0.239085296630553,,,,,,,,,,,,,,
2026-03-26 20:10:10.034,1774523410.03495,-99.1426724799385,25.7031629160047,0,,,0.0106418806826696,0.25881121493876,,0.259029910633002,,,,,,,,,,,,,,
2026-03-26 20:10:10.284,1774523410.28494,-99.1320305992558,25.9619741309434,0,,,0.0489456839859486,0.308647124562413,,0.312503963945256,,,,,,,,,,,,,,
2026-03-26 20:10:10.534,1774523410.53498,-99.0830849152699,26.2706212555058,0,,,0.0415761078475043,0.296480202581733,,0.299381167187672,,,,,,,,,,,,,,
2026-03-26 20:10:10.785,1774523410.785,-99.0415088074224,26.5671014580876,0,,,0.0326605075388216,0.228151557967067,,0.230477422225027,,,,,,,,,,,,,,
2026-03-26 20:10:11.035,1774523411.03502,-99.0088482998835,26.7952530160546,0,,,0.0282027082284912,0.19398723449558,,0.196026630585399,,,,,,,,,,,,,,
2026-03-26 20:10:11.284,1774523411.28491,-98.9806455916551,26.9892402505502,0,,,0.0192871018662117,0.125658590812236,,0.12713014490401,,,,,,,,,,,,,,
2026-03-26 20:10:11.535,1774523411.53502,-98.9613584897888,27.1148988413624,0,,,0.0221988842822611,0.103661189321429,,0.106011474071962,,,,,,,,,,,,,,
2026-03-26 20:10:11.785,1774523411.78504,-98.9391596055066,27.2185600306839,0,,,0.0162851904169656,0.0804955675266683,,0.0821263892933157,,,,,,,,,,,,,,
2026-03-26 20:10:12.034,1774523412.03493,-98.9228744150896,27.2990555982105,0,,,0.0191969710285775,0.0584981655701995,,0.0615675163682158,,,,,,,,,,,,,,
2026-03-26 20:10:12.284,1774523412.28494,-98.903677444061,27.3575537637807,0,,,0.0132832779199816,0.0353325428441167,,0.0377469741321184,,,,,,,,,,,,,,
2026-03-26 20:10:12.534,1774523412.53495,-98.8903941661411,27.3928863066249,0,,,0.00445780478185043,0.0341643230058253,,0.0344539256097103,,,,,,,,,,,,,,
2026-03-26 20:10:12.784,1774523412.78498,-98.8859363613592,27.4270506296307,0,,,0.0088254731381312,0.00116822076961398,,0.00890245560946152,,,,,,,,,,,,,,
2026-03-26 20:10:13.034,1774523413.0349,-98.8771108882211,27.4282188504003,0,,,0.0250205309712328,0.0145033644512296,,0.0289201409140345,,,,,,,,,,,,,,
2026-03-26 20:10:13.284,1774523413.28495,-98.8520903572498,27.4427222148515,0,,,0.00882547436049208,0.00116822216659784,,0.00890245700457091,,,,,,,,,,,,,,
2026-03-26 20:10:13.535,1774523413.53515,-98.8432648828893,27.4438904370181,0,,,0,0,,0,,,,,,,,,,,,,,
2026-03-26 20:10:13.784,1774523413.78498,-98.8432648828893,27.4438904370181,0,,,0.00882547319633886,0.00116822123527527,,0.00890245572827205,,,,,,,,,,,,,,
2026-03-26 20:10:14.034,1774523414.03483,-98.834439409693,27.4450586582534,0,,,0.00736958457855508,0.0121669215150177,,0.014224793707224,,,,,,,,,,,,,,
2026-03-26 20:10:14.284,1774523414.28494,-98.8270698251145,27.4572255797684,0,,,0.00882547319633886,0.00116822170093656,,0.00890245578937828,,,,,,,,,,,,,,
2026-03-26 20:10:14.534,1774523414.53498,-98.8182443519181,27.4583938014694,0,,,0.00882547319633886,0.00116822123527527,,0.00890245572827205,,,,,,,,,,,,,,
2026-03-26 20:10:14.785,1774523414.78506,-98.8094188787218,27.4595620227046,0,,,0.0073695846949704,0.012166921980679,,0.0142247941658315,,,,,,,,,,,,,,
2026-03-26 20:10:15.045,1774523415.04502,-98.8020492940268,27.4717289446853,0,,,0.00882547307992354,0.00116822170093656,,0.00890245567396964,,,,,,,,,,,,,,
2026-03-26 20:10:15.284,1774523415.28498,-98.7932238209469,27.4728971663862,0,,,98.7932238209469,-27.4728971663862,,127.715698257946,,,,,,총움직인거리=,127.715698257946,,,,,,,
,,,,,,,,,,,,,,,,,,,,,,,엔코더 틱수,44722
,,,,,,,,,,,,,,,,,,,,,,,회전 바퀴,149.073333333333
,,,,,,,,,,,,,,,,,,,,,,,움직인거,126.4447467
