human_time,timestamp,lat,lon,alt
2026-03-26 20:08:13.529,1774523293.529632,36.968420099999996,127.8727916,126.802
2026-03-26 20:08:13.779,1774523293.77919,36.968420099999996,127.8727916,126.801
2026-03-26 20:08:14.032,1774523294.032473,36.968420099999996,127.8727917,126.796
2026-03-26 20:08:14.280,1774523294.280252,36.96842,127.8727917,126.786
2026-03-26 20:08:14.529,1774523294.529393,36.968420099999996,127.8727917,126.769
2026-03-26 20:08:14.780,1774523294.78012,36.96842,127.87279179999999,126.759
2026-03-26 20:08:15.033,1774523295.033179,36.968420099999996,127.87279179999999,126.754
2026-03-26 20:08:15.279,1774523295.279325,36.96842,127.87279179999999,126.73700000000001
2026-03-26 20:08:15.528,1774523295.52882,36.96842,127.8727921,126.724
2026-03-26 20:08:15.779,1774523295.779547,36.96842,127.8727929,126.71600000000001
2026-03-26 20:08:16.032,1774523296.032428,36.968420099999996,127.8727941,126.71900000000001
2026-03-26 20:08:16.279,1774523296.27912,36.9684202,127.87279579999999,126.712
2026-03-26 20:08:16.529,1774523296.529104,36.968420099999996,127.87279749999999,126.711
2026-03-26 20:08:16.778,1774523296.778546,36.968420099999996,127.8727993,126.70400000000001
2026-03-26 20:08:17.031,1774523297.031019,36.9684198,127.8728008,126.702
2026-03-26 20:08:17.280,1774523297.280387,36.9684196,127.8728021,126.688
2026-03-26 20:08:17.529,1774523297.529001,36.9684199,127.87280369999999,126.71300000000001
2026-03-26 20:08:17.779,1774523297.779026,36.9684198,127.8728051,126.718
2026-03-26 20:08:18.032,1774523298.032006,36.9684197,127.87280659999999,126.69800000000001
2026-03-26 20:08:18.279,1774523298.279097,36.968419399999995,127.87280829999999,126.68900000000001
2026-03-26 20:08:18.528,1774523298.528504,36.968419,127.87281019999999,126.679
2026-03-26 20:08:18.779,1774523298.779143,36.9684186,127.872812,126.699
2026-03-26 20:08:19.032,1774523299.032036,36.968418,127.8728137,126.702
2026-03-26 20:08:19.279,1774523299.279181,36.9684175,127.8728154,126.699
2026-03-26 20:08:19.529,1774523299.529489,36.9684167,127.87281709999999,126.71900000000001
2026-03-26 20:08:19.779,1774523299.779202,36.968416,127.8728191,126.715
2026-03-26 20:08:20.032,1774523300.032501,36.9684151,127.8728209,126.717
2026-03-26 20:08:20.278,1774523300.278738,36.9684144,127.8728228,126.741
2026-03-26 20:08:20.527,1774523300.527945,36.9684138,127.87282479999999,126.75500000000001
2026-03-26 20:08:20.778,1774523300.778175,36.9684131,127.87282669999999,126.785
2026-03-26 20:08:21.032,1774523301.032026,36.9684123,127.87282889999999,126.783
2026-03-26 20:08:21.278,1774523301.278781,36.9684114,127.8728314,126.784
2026-03-26 20:08:21.528,1774523301.52836,36.968410999999996,127.87283389999999,126.797
2026-03-26 20:08:21.779,1774523301.77934,36.9684105,127.8728364,126.811
2026-03-26 20:08:22.032,1774523302.032684,36.968410299999995,127.8728385,126.785
2026-03-26 20:08:22.279,1774523302.279013,36.9684102,127.8728405,126.769
2026-03-26 20:08:22.529,1774523302.529182,36.9684101,127.87284249999999,126.769
2026-03-26 20:08:22.779,1774523302.779243,36.96841,127.87284439999999,126.748
2026-03-26 20:08:23.031,1774523303.031235,36.96841,127.8728467,126.767
2026-03-26 20:08:23.280,1774523303.280201,36.96841,127.87284899999999,126.772
2026-03-26 20:08:23.528,1774523303.52875,36.968409799999996,127.8728517,126.784
2026-03-26 20:08:23.779,1774523303.779547,36.968409799999996,127.87285419999999,126.79
2026-03-26 20:08:24.033,1774523304.033125,36.968409199999996,127.8728568,126.778
2026-03-26 20:08:24.279,1774523304.279226,36.9684088,127.87285969999999,126.773
2026-03-26 20:08:24.528,1774523304.52888,36.9684081,127.8728623,126.793
2026-03-26 20:08:24.780,1774523304.780083,36.9684074,127.8728649,126.791
2026-03-26 20:08:25.032,1774523305.032789,36.9684069,127.87286719999999,126.803
2026-03-26 20:08:25.280,1774523305.2808,36.9684064,127.87286959999999,126.87
2026-03-26 20:08:25.530,1774523305.530016,36.9684059,127.8728721,126.893
2026-03-26 20:08:25.780,1774523305.780293,36.9684052,127.8728745,126.89
2026-03-26 20:08:26.032,1774523306.032144,36.9684047,127.87287669999999,126.87700000000001
2026-03-26 20:08:26.279,1774523306.279509,36.9684041,127.872879,126.895
2026-03-26 20:08:26.528,1774523306.528415,36.968403599999995,127.87288129999999,126.906
2026-03-26 20:08:26.778,1774523306.778964,36.9684029,127.8728836,126.903
2026-03-26 20:08:27.032,1774523307.03248,36.9684022,127.87288629999999,126.897
2026-03-26 20:08:27.278,1774523307.278656,36.9684017,127.8728888,126.932
2026-03-26 20:08:27.529,1774523307.529216,36.9684011,127.87289159999999,126.924
2026-03-26 20:08:27.779,1774523307.779107,36.9684003,127.87289419999999,126.9
2026-03-26 20:08:28.032,1774523308.032266,36.9684001,127.8728972,126.915
2026-03-26 20:08:28.279,1774523308.279337,36.9683997,127.8729003,126.887
2026-03-26 20:08:28.529,1774523308.529436,36.9683995,127.8729034,126.9
2026-03-26 20:08:28.778,1774523308.778372,36.9683993,127.87290639999999,126.887
2026-03-26 20:08:29.031,1774523309.031242,36.9683993,127.8729097,126.893
2026-03-26 20:08:29.279,1774523309.279885,36.9683992,127.87291289999999,126.893
2026-03-26 20:08:29.528,1774523309.528987,36.968398799999996,127.8729159,126.927
2026-03-26 20:08:29.778,1774523309.778791,36.9683983,127.87291889999999,126.938
2026-03-26 20:08:30.032,1774523310.032613,36.9683975,127.87292129999999,126.93900000000001
2026-03-26 20:08:30.279,1774523310.279269,36.9683967,127.872924,126.949
2026-03-26 20:08:30.528,1774523310.528607,36.9683959,127.8729264,126.958
2026-03-26 20:08:30.779,1774523310.77907,36.968395099999995,127.8729286,126.95
2026-03-26 20:08:31.032,1774523311.032186,36.968394599999996,127.87293079999999,126.955
2026-03-26 20:08:31.279,1774523311.279054,36.968393899999995,127.8729331,126.95100000000001
2026-03-26 20:08:31.528,1774523311.528937,36.9683934,127.87293559999999,126.95400000000001
2026-03-26 20:08:31.778,1774523311.778265,36.9683929,127.8729383,126.938
2026-03-26 20:08:32.032,1774523312.032438,36.9683924,127.8729412,126.934
2026-03-26 20:08:32.279,1774523312.279084,36.9683919,127.87294419999999,126.96900000000001
2026-03-26 20:08:32.528,1774523312.528617,36.968391499999996,127.87294709999999,126.93
2026-03-26 20:08:32.778,1774523312.778699,36.9683913,127.8729501,126.924
2026-03-26 20:08:33.031,1774523313.031929,36.968391,127.872953,126.909
2026-03-26 20:08:33.278,1774523313.278502,36.9683906,127.87295599999999,126.899
2026-03-26 20:08:33.528,1774523313.528858,36.968390299999996,127.872959,126.863
2026-03-26 20:08:33.778,1774523313.778786,36.9683902,127.8729621,126.839
2026-03-26 20:08:34.031,1774523314.031571,36.9683902,127.87296549999999,126.834
2026-03-26 20:08:34.278,1774523314.278805,36.9683902,127.87296889999999,126.914
2026-03-26 20:08:34.528,1774523314.528807,36.9683904,127.87297219999999,126.907
2026-03-26 20:08:34.778,1774523314.778801,36.9683904,127.87297559999999,126.912
2026-03-26 20:08:35.032,1774523315.032093,36.9683905,127.87297889999999,126.899
2026-03-26 20:08:35.279,1774523315.279062,36.9683905,127.87298209999999,126.883
2026-03-26 20:08:35.528,1774523315.528157,36.9683905,127.8729853,126.891
2026-03-26 20:08:35.778,1774523315.778551,36.968390299999996,127.8729886,126.882
2026-03-26 20:08:36.032,1774523316.032087,36.968390299999996,127.8729913,126.87100000000001
2026-03-26 20:08:36.279,1774523316.27932,36.9683902,127.8729946,126.909
2026-03-26 20:08:36.529,1774523316.529676,36.96839,127.8729975,126.943
2026-03-26 20:08:36.779,1774523316.779653,36.9683898,127.8730004,127.011
2026-03-26 20:08:37.032,1774523317.032469,36.9683895,127.87300309999999,127.015
2026-03-26 20:08:37.279,1774523317.279744,36.968389099999996,127.8730056,126.995
2026-03-26 20:08:37.529,1774523317.529119,36.9683888,127.87300839999999,126.99600000000001
2026-03-26 20:08:37.778,1774523317.778709,36.968388399999995,127.8730112,126.997
2026-03-26 20:08:38.031,1774523318.031363,36.968387899999996,127.87301369999999,126.982
2026-03-26 20:08:38.279,1774523318.279835,36.9683875,127.87301679999999,127.003
2026-03-26 20:08:38.529,1774523318.529353,36.9683868,127.8730198,127.006
2026-03-26 20:08:38.779,1774523318.779022,36.9683863,127.8730229,127.024
2026-03-26 20:08:39.033,1774523319.03308,36.968385399999995,127.87302589999999,127.039
2026-03-26 20:08:39.279,1774523319.279459,36.968384799999995,127.8730288,127.068
2026-03-26 20:08:39.529,1774523319.529194,36.9683839,127.8730319,127.058
2026-03-26 20:08:39.780,1774523319.78002,36.9683832,127.8730349,127.06700000000001
2026-03-26 20:08:40.031,1774523320.031668,36.9683822,127.8730379,127.046
2026-03-26 20:08:40.278,1774523320.278755,36.9683813,127.8730408,127.027
2026-03-26 20:08:40.529,1774523320.529154,36.9683802,127.8730437,127.027
2026-03-26 20:08:40.778,1774523320.778389,36.968379399999996,127.8730465,127.015
2026-03-26 20:08:41.031,1774523321.031643,36.968378699999995,127.87304929999999,126.998
2026-03-26 20:08:41.279,1774523321.279714,36.968378,127.8730519,127.001
2026-03-26 20:08:41.529,1774523321.529239,36.9683776,127.8730549,127.044
2026-03-26 20:08:41.779,1774523321.779604,36.968376899999996,127.87305749999999,127.08200000000001
2026-03-26 20:08:42.033,1774523322.033143,36.9683765,127.87306009999999,127.077
2026-03-26 20:08:42.279,1774523322.27978,36.9683759,127.8730628,127.09
2026-03-26 20:08:42.529,1774523322.529305,36.9683755,127.87306559999999,127.11200000000001
2026-03-26 20:08:42.779,1774523322.779922,36.968375099999996,127.8730681,127.096
2026-03-26 20:08:43.033,1774523323.033142,36.9683747,127.87307109999999,127.10300000000001
2026-03-26 20:08:43.279,1774523323.279646,36.9683744,127.87307399999999,127.117
2026-03-26 20:08:43.530,1774523323.530483,36.9683742,127.87307679999999,127.135
2026-03-26 20:08:43.780,1774523323.780785,36.968373899999996,127.8730796,127.11
2026-03-26 20:08:44.032,1774523324.03261,36.9683737,127.8730825,127.09
2026-03-26 20:08:44.280,1774523324.280316,36.9683736,127.8730854,127.09100000000001
2026-03-26 20:08:44.528,1774523324.528806,36.968373899999996,127.8730884,127.07900000000001
2026-03-26 20:08:44.779,1774523324.779343,36.968373799999995,127.87309139999999,127.06700000000001
2026-03-26 20:08:45.032,1774523325.032442,36.968373799999995,127.8730944,127.037
2026-03-26 20:08:45.278,1774523325.278655,36.968373799999995,127.87309739999999,127.014
2026-03-26 20:08:45.528,1774523325.528987,36.968374,127.8731006,127.029
2026-03-26 20:08:45.778,1774523325.778947,36.9683741,127.8731035,127.025
2026-03-26 20:08:46.032,1774523326.032134,36.9683742,127.8731066,127.023
2026-03-26 20:08:46.280,1774523326.280174,36.968373799999995,127.8731098,127.033
2026-03-26 20:08:46.529,1774523326.529282,36.9683736,127.8731128,127.024
2026-03-26 20:08:46.778,1774523326.778766,36.968373,127.8731157,127.03
2026-03-26 20:08:47.031,1774523327.031396,36.968372599999995,127.8731188,127.035
2026-03-26 20:08:47.279,1774523327.27932,36.9683723,127.8731219,127.052
2026-03-26 20:08:47.528,1774523327.528901,36.9683719,127.8731248,127.056
2026-03-26 20:08:47.778,1774523327.778957,36.968371499999996,127.87312739999999,127.065
2026-03-26 20:08:48.032,1774523328.032831,36.9683711,127.87312999999999,127.065
2026-03-26 20:08:48.279,1774523328.279011,36.9683705,127.8731327,127.098
2026-03-26 20:08:48.528,1774523328.528546,36.96837,127.8731354,127.075
2026-03-26 20:08:48.778,1774523328.778935,36.9683695,127.87313809999999,127.07600000000001
2026-03-26 20:08:49.032,1774523329.032144,36.968368999999996,127.8731407,127.066
2026-03-26 20:08:49.279,1774523329.279216,36.9683687,127.87314339999999,127.09700000000001
2026-03-26 20:08:49.529,1774523329.529976,36.9683683,127.87314599999999,127.102
2026-03-26 20:08:49.779,1774523329.779367,36.9683679,127.87314869999999,127.114
2026-03-26 20:08:50.032,1774523330.032024,36.9683674,127.8731514,127.117
2026-03-26 20:08:50.280,1774523330.280225,36.9683671,127.87315419999999,127.131
2026-03-26 20:08:50.528,1774523330.528911,36.968366599999996,127.8731569,127.158
2026-03-26 20:08:50.779,1774523330.779058,36.9683662,127.8731595,127.153
2026-03-26 20:08:51.032,1774523331.032926,36.9683657,127.873162,127.152
2026-03-26 20:08:51.279,1774523331.279448,36.9683656,127.8731644,127.148
2026-03-26 20:08:51.529,1774523331.52909,36.9683652,127.8731672,127.142
2026-03-26 20:08:51.779,1774523331.779311,36.968364799999996,127.87317019999999,127.129
2026-03-26 20:08:52.032,1774523332.032704,36.9683645,127.8731735,127.101
2026-03-26 20:08:52.279,1774523332.279504,36.968364199999996,127.87317689999999,127.09700000000001
2026-03-26 20:08:52.529,1774523332.529427,36.9683638,127.87318049999999,127.11200000000001
2026-03-26 20:08:52.779,1774523332.779479,36.968363499999995,127.87318409999999,127.12700000000001
2026-03-26 20:08:53.033,1774523333.033561,36.9683633,127.8731878,127.116
2026-03-26 20:08:53.280,1774523333.280133,36.968362899999995,127.87319149999999,127.101
2026-03-26 20:08:53.529,1774523333.5293,36.9683626,127.87319529999999,127.093
2026-03-26 20:08:53.779,1774523333.779284,36.9683625,127.87319889999999,127.083
2026-03-26 20:08:54.032,1774523334.032912,36.9683622,127.8732026,127.09400000000001
2026-03-26 20:08:54.279,1774523334.279462,36.968362,127.87320609999999,127.077
2026-03-26 20:08:54.529,1774523334.52978,36.9683619,127.87320989999999,127.077
2026-03-26 20:08:54.780,1774523334.780006,36.9683618,127.8732134,127.07300000000001
2026-03-26 20:08:55.033,1774523335.033016,36.9683616,127.8732167,127.06
2026-03-26 20:08:55.280,1774523335.280147,36.9683613,127.8732203,127.07900000000001
2026-03-26 20:08:55.530,1774523335.530067,36.968361099999996,127.8732235,127.102
2026-03-26 20:08:55.779,1774523335.779999,36.9683606,127.8732271,127.07600000000001
2026-03-26 20:08:56.032,1774523336.03272,36.9683602,127.87323079999999,127.09
2026-03-26 20:08:56.280,1774523336.280503,36.9683595,127.87323459999999,127.077
2026-03-26 20:08:56.529,1774523336.529474,36.9683589,127.87323839999999,127.092
2026-03-26 20:08:56.780,1774523336.780205,36.968358099999996,127.8732423,127.09100000000001
2026-03-26 20:08:57.032,1774523337.03299,36.9683573,127.873246,127.09100000000001
2026-03-26 20:08:57.280,1774523337.280079,36.968356299999996,127.8732498,127.092
2026-03-26 20:08:57.529,1774523337.529438,36.9683552,127.87325369999999,127.092
2026-03-26 20:08:57.780,1774523337.780238,36.9683541,127.8732574,127.08
2026-03-26 20:08:58.033,1774523338.033102,36.9683533,127.87326089999999,127.072
2026-03-26 20:08:58.280,1774523338.280457,36.9683523,127.8732648,127.074
2026-03-26 20:08:58.530,1774523338.530574,36.9683515,127.8732685,127.07000000000001
2026-03-26 20:08:58.781,1774523338.781346,36.968350799999996,127.8732721,127.06700000000001
2026-03-26 20:08:59.033,1774523339.033943,36.96835,127.87327579999999,127.08500000000001
2026-03-26 20:08:59.281,1774523339.281357,36.9683492,127.87327959999999,127.08800000000001
2026-03-26 20:08:59.530,1774523339.53056,36.9683485,127.87328319999999,127.09
2026-03-26 20:08:59.780,1774523339.780955,36.9683478,127.87328699999999,127.09700000000001
2026-03-26 20:09:00.034,1774523340.034653,36.968347099999995,127.87329079999999,127.09700000000001
2026-03-26 20:09:00.280,1774523340.280634,36.968346499999996,127.87329439999999,127.093
2026-03-26 20:09:00.529,1774523340.529649,36.968346,127.87329779999999,127.098
2026-03-26 20:09:00.780,1774523340.780408,36.9683455,127.87330109999999,127.08200000000001
2026-03-26 20:09:01.033,1774523341.033653,36.9683449,127.87330419999999,127.07600000000001
2026-03-26 20:09:01.281,1774523341.281611,36.9683445,127.87330739999999,127.08
2026-03-26 20:09:01.530,1774523341.530814,36.9683442,127.8733106,127.08
2026-03-26 20:09:01.779,1774523341.779485,36.9683438,127.87331379999999,127.07600000000001
2026-03-26 20:09:02.033,1774523342.033352,36.968343399999995,127.87331719999999,127.061
2026-03-26 20:09:02.281,1774523342.281052,36.9683431,127.8733209,127.07000000000001
2026-03-26 20:09:02.530,1774523342.530404,36.9683427,127.8733245,127.069
2026-03-26 20:09:02.780,1774523342.780357,36.9683425,127.8733281,127.06
2026-03-26 20:09:03.035,1774523343.035243,36.968342199999995,127.8733317,127.056
2026-03-26 20:09:03.280,1774523343.280806,36.9683418,127.873335,127.023
2026-03-26 20:09:03.531,1774523343.531564,36.968341599999995,127.87333819999999,126.99300000000001
2026-03-26 20:09:03.781,1774523343.781038,36.9683414,127.87334129999999,126.967
2026-03-26 20:09:04.035,1774523344.035256,36.9683412,127.87334449999999,126.947
2026-03-26 20:09:04.282,1774523344.282232,36.968341099999996,127.87334779999999,126.912
2026-03-26 20:09:04.530,1774523344.530457,36.968341099999996,127.8733511,126.913
2026-03-26 20:09:04.780,1774523344.780239,36.968340999999995,127.8733542,126.914
2026-03-26 20:09:05.033,1774523345.033511,36.968340999999995,127.87335709999999,126.916
2026-03-26 20:09:05.281,1774523345.281362,36.9683409,127.8733601,126.928
2026-03-26 20:09:05.529,1774523345.529405,36.968340999999995,127.873363,126.928
2026-03-26 20:09:05.780,1774523345.78065,36.968340999999995,127.8733659,126.931
2026-03-26 20:09:06.034,1774523346.034509,36.968341099999996,127.8733687,126.938
2026-03-26 20:09:06.280,1774523346.280329,36.968340999999995,127.87337149999999,126.932
2026-03-26 20:09:06.530,1774523346.530434,36.968340999999995,127.873374,126.928
2026-03-26 20:09:06.781,1774523346.781192,36.9683409,127.87337679999999,126.94
2026-03-26 20:09:07.033,1774523347.033338,36.9683408,127.8733795,126.935
2026-03-26 20:09:07.280,1774523347.280565,36.9683407,127.87338229999999,126.926
2026-03-26 20:09:07.530,1774523347.530426,36.968340399999995,127.8733853,126.925
2026-03-26 20:09:07.780,1774523347.780103,36.96834,127.8733884,126.926
2026-03-26 20:09:08.033,1774523348.033179,36.9683397,127.8733915,126.919
2026-03-26 20:09:08.280,1774523348.280179,36.968339199999996,127.8733948,126.916
2026-03-26 20:09:08.529,1774523348.529207,36.9683387,127.873398,126.918
2026-03-26 20:09:08.779,1774523348.779233,36.9683382,127.873401,126.919
2026-03-26 20:09:09.033,1774523349.033206,36.9683376,127.87340409999999,126.906
2026-03-26 20:09:09.280,1774523349.280449,36.968337,127.8734071,126.899
2026-03-26 20:09:09.529,1774523349.529555,36.9683366,127.8734101,126.904
2026-03-26 20:09:09.780,1774523349.780857,36.9683359,127.87341339999999,126.918
2026-03-26 20:09:10.034,1774523350.034467,36.9683353,127.87341669999999,126.912
2026-03-26 20:09:10.280,1774523350.280414,36.9683347,127.87342,126.906
2026-03-26 20:09:10.530,1774523350.530272,36.968334,127.8734234,126.891
2026-03-26 20:09:10.780,1774523350.780441,36.9683334,127.87342679999999,126.896
2026-03-26 20:09:11.033,1774523351.033598,36.968333,127.87342989999999,126.887
2026-03-26 20:09:11.280,1774523351.280497,36.968332499999995,127.87343279999999,126.895
2026-03-26 20:09:11.530,1774523351.530243,36.9683321,127.87343589999999,126.897
2026-03-26 20:09:11.780,1774523351.780308,36.9683317,127.8734389,126.889
2026-03-26 20:09:12.034,1774523352.034284,36.968331299999996,127.87344209999999,126.882
2026-03-26 20:09:12.279,1774523352.279851,36.9683309,127.87344549999999,126.875
2026-03-26 20:09:12.529,1774523352.529937,36.9683304,127.87344879999999,126.878
2026-03-26 20:09:12.781,1774523352.781216,36.968330099999996,127.87345219999999,126.869
2026-03-26 20:09:13.033,1774523353.033347,36.9683298,127.8734556,126.875
2026-03-26 20:09:13.280,1774523353.280294,36.968329499999996,127.87345889999999,126.86500000000001
2026-03-26 20:09:13.530,1774523353.530069,36.9683293,127.87346249999999,126.86200000000001
2026-03-26 20:09:13.779,1774523353.779465,36.968329,127.87346629999999,126.849
2026-03-26 20:09:14.032,1774523354.032593,36.968328899999996,127.87347009999999,126.85000000000001
2026-03-26 20:09:14.280,1774523354.280459,36.9683286,127.87347399999999,126.84100000000001
2026-03-26 20:09:14.529,1774523354.529583,36.9683285,127.8734781,126.827
2026-03-26 20:09:14.780,1774523354.780581,36.968328299999996,127.8734822,126.821
2026-03-26 20:09:15.033,1774523355.033672,36.968328199999995,127.8734861,126.815
2026-03-26 20:09:15.280,1774523355.280025,36.968327699999996,127.8734904,126.8
2026-03-26 20:09:15.529,1774523355.529837,36.968326999999995,127.8734947,126.802
2026-03-26 20:09:15.780,1774523355.780123,36.9683262,127.87349909999999,126.806
2026-03-26 20:09:16.033,1774523356.033563,36.9683253,127.8735033,126.81
2026-03-26 20:09:16.280,1774523356.28054,36.9683241,127.8735076,126.798
2026-03-26 20:09:16.530,1774523356.530448,36.968323,127.8735119,126.792
2026-03-26 20:09:16.780,1774523356.780709,36.968322,127.87351629999999,126.792
2026-03-26 20:09:17.033,1774523357.033642,36.9683211,127.87352059999999,126.796
2026-03-26 20:09:17.280,1774523357.280891,36.9683202,127.87352489999999,126.78
2026-03-26 20:09:17.530,1774523357.530334,36.9683193,127.8735291,126.767
2026-03-26 20:09:17.781,1774523357.781324,36.9683184,127.87353309999999,126.754
2026-03-26 20:09:18.035,1774523358.035211,36.9683176,127.8735372,126.742
2026-03-26 20:09:18.280,1774523358.280497,36.9683168,127.8735413,126.735
2026-03-26 20:09:18.529,1774523358.529994,36.968316099999996,127.87354529999999,126.72500000000001
2026-03-26 20:09:18.781,1774523358.781147,36.9683154,127.873549,126.74600000000001
2026-03-26 20:09:19.034,1774523359.03401,36.9683147,127.8735526,126.768
2026-03-26 20:09:19.280,1774523359.280587,36.968314,127.8735562,126.75500000000001
2026-03-26 20:09:19.530,1774523359.530561,36.9683134,127.8735598,126.754
2026-03-26 20:09:19.780,1774523359.78055,36.9683127,127.87356319999999,126.745
2026-03-26 20:09:20.033,1774523360.033746,36.9683121,127.87356659999999,126.738
2026-03-26 20:09:20.281,1774523360.281826,36.9683117,127.87357,126.73
2026-03-26 20:09:20.530,1774523360.530979,36.9683111,127.87357329999999,126.72200000000001
2026-03-26 20:09:20.781,1774523360.781461,36.968310599999995,127.8735765,126.717
2026-03-26 20:09:21.034,1774523361.034265,36.9683101,127.8735796,126.72200000000001
2026-03-26 20:09:21.280,1774523361.280219,36.9683097,127.8735827,126.71000000000001
2026-03-26 20:09:21.530,1774523361.530556,36.9683092,127.8735858,126.696
2026-03-26 20:09:21.780,1774523361.780522,36.9683086,127.87358889999999,126.7
2026-03-26 20:09:22.033,1774523362.033412,36.968307599999996,127.87359199999999,126.684
2026-03-26 20:09:22.280,1774523362.280609,36.9683066,127.87359479999999,126.671
2026-03-26 20:09:22.530,1774523362.530622,36.9683054,127.87359769999999,126.685
2026-03-26 20:09:22.780,1774523362.780308,36.968303999999996,127.8736005,126.676
2026-03-26 20:09:23.033,1774523363.033331,36.968302099999995,127.8736033,126.672
2026-03-26 20:09:23.281,1774523363.281339,36.968300299999996,127.873606,126.631
2026-03-26 20:09:23.530,1774523363.530068,36.9682982,127.8736083,126.63000000000001
2026-03-26 20:09:23.780,1774523363.780409,36.968296099999996,127.87360989999999,126.599
2026-03-26 20:09:24.033,1774523364.033632,36.9682937,127.8736112,126.58500000000001
2026-03-26 20:09:24.280,1774523364.280013,36.9682915,127.87361209999999,126.574
2026-03-26 20:09:24.529,1774523364.529208,36.9682892,127.8736129,126.565
2026-03-26 20:09:24.781,1774523364.781121,36.9682871,127.8736132,126.566
2026-03-26 20:09:25.032,1774523365.032945,36.9682848,127.8736141,126.562
2026-03-26 20:09:25.280,1774523365.280799,36.968282599999995,127.8736148,126.569
2026-03-26 20:09:25.529,1774523365.529508,36.9682801,127.87361539999999,126.58
2026-03-26 20:09:25.780,1774523365.780314,36.9682774,127.8736163,126.551
2026-03-26 20:09:26.032,1774523366.032967,36.9682746,127.87361689999999,126.518
2026-03-26 20:09:26.280,1774523366.280502,36.9682718,127.8736177,126.521
2026-03-26 20:09:26.529,1774523366.529382,36.968269,127.8736186,126.495
2026-03-26 20:09:26.780,1774523366.780235,36.968266,127.87361949999999,126.514
2026-03-26 20:09:27.034,1774523367.034043,36.968263199999996,127.8736204,126.47200000000001
2026-03-26 20:09:27.281,1774523367.281566,36.9682605,127.8736213,126.48
2026-03-26 20:09:27.529,1774523367.529357,36.968257799999996,127.873622,126.467
2026-03-26 20:09:27.780,1774523367.780648,36.9682554,127.87362259999999,126.468
2026-03-26 20:09:28.033,1774523368.033302,36.9682532,127.8736229,126.432
2026-03-26 20:09:28.281,1774523368.281393,36.968250999999995,127.87362329999999,126.41
2026-03-26 20:09:28.530,1774523368.53007,36.9682488,127.87362379999999,126.391
2026-03-26 20:09:28.781,1774523368.781054,36.9682469,127.8736242,126.403
2026-03-26 20:09:29.033,1774523369.033657,36.968244899999995,127.8736246,126.404
2026-03-26 20:09:29.281,1774523369.281349,36.968243,127.8736247,126.418
2026-03-26 20:09:29.529,1774523369.529437,36.968241,127.8736249,126.441
2026-03-26 20:09:29.780,1774523369.780432,36.9682387,127.87362479999999,126.45
2026-03-26 20:09:30.033,1774523370.033406,36.9682366,127.87362449999999,126.47500000000001
2026-03-26 20:09:30.279,1774523370.279305,36.9682343,127.87362429999999,126.5
2026-03-26 20:09:30.530,1774523370.53,36.9682321,127.8736241,126.508
2026-03-26 20:09:30.779,1774523370.779561,36.96823,127.8736242,126.50200000000001
2026-03-26 20:09:31.032,1774523371.03299,36.9682277,127.8736242,126.49600000000001
2026-03-26 20:09:31.280,1774523371.28014,36.9682256,127.87362399999999,126.453
2026-03-26 20:09:31.529,1774523371.529645,36.9682234,127.87362379999999,126.404
2026-03-26 20:09:31.780,1774523371.780202,36.968221299999996,127.87362359999999,126.379
2026-03-26 20:09:32.032,1774523372.032157,36.9682192,127.8736232,126.343
2026-03-26 20:09:32.280,1774523372.280489,36.9682173,127.8736227,126.33
2026-03-26 20:09:32.529,1774523372.529343,36.968215099999995,127.8736225,126.32600000000001
2026-03-26 20:09:32.780,1774523372.780087,36.968212699999995,127.87362239999999,126.345
2026-03-26 20:09:33.032,1774523373.032944,36.9682106,127.87362189999999,126.331
2026-03-26 20:09:33.280,1774523373.280326,36.9682086,127.87362159999999,126.388
2026-03-26 20:09:33.530,1774523373.53018,36.9682065,127.87362119999999,126.381
2026-03-26 20:09:33.780,1774523373.780665,36.9682044,127.8736206,126.361
2026-03-26 20:09:34.033,1774523374.03319,36.968202,127.87361999999999,126.35000000000001
2026-03-26 20:09:34.281,1774523374.281195,36.968199899999995,127.8736194,126.391
2026-03-26 20:09:34.530,1774523374.530222,36.9681977,127.8736184,126.387
2026-03-26 20:09:34.778,1774523374.778804,36.9681956,127.8736177,126.408
2026-03-26 20:09:35.033,1774523375.033134,36.9681935,127.87361689999999,126.412
2026-03-26 20:09:35.280,1774523375.280462,36.968191399999995,127.8736163,126.411
2026-03-26 20:09:35.530,1774523375.530214,36.9681895,127.8736163,126.48
2026-03-26 20:09:35.780,1774523375.78045,36.9681875,127.87361589999999,126.444
2026-03-26 20:09:36.032,1774523376.032272,36.9681857,127.8736155,126.461
2026-03-26 20:09:36.279,1774523376.279649,36.9681831,127.8736156,126.497
2026-03-26 20:09:36.529,1774523376.529225,36.968181,127.8736148,126.569
2026-03-26 20:09:36.778,1774523376.778658,36.9681788,127.87361419999999,126.69200000000001
2026-03-26 20:09:37.031,1774523377.031666,36.9681765,127.8736124,126.58200000000001
2026-03-26 20:09:37.280,1774523377.280051,36.9681746,127.8736122,126.444
2026-03-26 20:09:37.528,1774523377.528572,36.9681717,127.873612,126.45
2026-03-26 20:09:37.779,1774523377.77901,36.9681698,127.87361159999999,126.383
2026-03-26 20:09:38.031,1774523378.031826,36.9681682,127.87361139999999,126.281
2026-03-26 20:09:38.280,1774523378.280107,36.9681658,127.87361109999999,126.199
2026-03-26 20:09:38.528,1774523378.528583,36.9681636,127.87361109999999,126.21300000000001
2026-03-26 20:09:38.779,1774523378.779398,36.968160999999995,127.8736107,126.208
2026-03-26 20:09:39.031,1774523379.03138,36.9681589,127.87361039999999,126.19800000000001
2026-03-26 20:09:39.278,1774523379.278927,36.9681575,127.8736103,126.139
2026-03-26 20:09:39.528,1774523379.528193,36.9681551,127.87361019999999,126.173
2026-03-26 20:09:39.778,1774523379.778518,36.9681535,127.87361,126.259
2026-03-26 20:09:40.031,1774523380.031577,36.968151999999996,127.87361,126.141
2026-03-26 20:09:40.280,1774523380.280198,36.968150099999995,127.87361039999999,126.144
2026-03-26 20:09:40.529,1774523380.529558,36.9681485,127.87361039999999,126.047
2026-03-26 20:09:40.780,1774523380.780115,36.968146499999996,127.87360989999999,126.194
2026-03-26 20:09:41.031,1774523381.031256,36.9681443,127.87360939999999,126.172
2026-03-26 20:09:41.279,1774523381.279227,36.9681423,127.87360919999999,126.187
2026-03-26 20:09:41.528,1774523381.528629,36.9681405,127.8736072,126.223
2026-03-26 20:09:41.778,1774523381.778239,36.9681381,127.8736069,126.202
2026-03-26 20:09:42.032,1774523382.032303,36.9681359,127.87360609999999,126.173
2026-03-26 20:09:42.279,1774523382.279089,36.9681332,127.8736053,126.20400000000001
2026-03-26 20:09:42.529,1774523382.529742,36.9681308,127.8736046,126.152
2026-03-26 20:09:42.778,1774523382.778601,36.9681283,127.8736045,126.143
2026-03-26 20:09:43.031,1774523383.031321,36.9681257,127.8736046,126.11500000000001
2026-03-26 20:09:43.278,1774523383.278916,36.9681229,127.87360469999999,126.154
2026-03-26 20:09:43.528,1774523383.528378,36.9681202,127.87360609999999,126.298
2026-03-26 20:09:43.778,1774523383.778711,36.9681184,127.87360559999999,126.236
2026-03-26 20:09:44.032,1774523384.032406,36.9681171,127.8736062,126.313
2026-03-26 20:09:44.278,1774523384.278779,36.9681153,127.8736059,126.372
2026-03-26 20:09:44.528,1774523384.528497,36.9681129,127.8736057,126.515
2026-03-26 20:09:44.778,1774523384.778538,36.9681103,127.873606,126.705
2026-03-26 20:09:45.032,1774523385.032199,36.9681085,127.87360609999999,126.932
2026-03-26 20:09:45.280,1774523385.280511,36.9681062,127.87360579999999,127.092
2026-03-26 20:09:45.529,1774523385.529316,36.9681041,127.8736057,127.18
2026-03-26 20:09:45.780,1774523385.780635,36.968102,127.8736057,127.218
2026-03-26 20:09:46.034,1774523386.034286,36.968099699999996,127.87360559999999,127.34400000000001
2026-03-26 20:09:46.281,1774523386.281616,36.9680977,127.8736055,127.536
2026-03-26 20:09:46.531,1774523386.531263,36.9680956,127.87360559999999,127.522
2026-03-26 20:09:46.781,1774523386.781263,36.9680934,127.8736055,127.565
2026-03-26 20:09:47.034,1774523387.034082,36.968091099999995,127.8736046,127.36500000000001
2026-03-26 20:09:47.281,1774523387.281586,36.9680891,127.8736033,127.062
2026-03-26 20:09:47.530,1774523387.530524,36.9680867,127.8736022,126.876
2026-03-26 20:09:47.781,1774523387.781949,36.9680843,127.8736019,126.83
2026-03-26 20:09:48.036,1774523388.036437,36.968081999999995,127.87360199999999,126.83500000000001
2026-03-26 20:09:48.281,1774523388.281049,36.9680798,127.87360079999999,126.812
2026-03-26 20:09:48.531,1774523388.531178,36.9680773,127.87359989999999,126.804
2026-03-26 20:09:48.780,1774523388.780212,36.9680751,127.87359939999999,126.834
2026-03-26 20:09:49.034,1774523389.034207,36.9680727,127.87359909999999,126.852
2026-03-26 20:09:49.280,1774523389.280496,36.968070499999996,127.8735986,126.889
2026-03-26 20:09:49.529,1774523389.529633,36.968067999999995,127.8735979,126.808
2026-03-26 20:09:49.780,1774523389.780285,36.9680655,127.87359699999999,126.765
2026-03-26 20:09:50.033,1774523390.033072,36.968063099999995,127.87359679999999,126.828
2026-03-26 20:09:50.281,1774523390.281117,36.968060699999995,127.87359649999999,126.801
2026-03-26 20:09:50.530,1774523390.530473,36.968058299999996,127.8735961,126.806
2026-03-26 20:09:50.779,1774523390.779454,36.9680556,127.8735957,126.934
2026-03-26 20:09:51.033,1774523391.033534,36.968052899999996,127.8735954,126.98700000000001
2026-03-26 20:09:51.281,1774523391.281201,36.9680501,127.873595,127.07300000000001
2026-03-26 20:09:51.531,1774523391.531269,36.968047399999996,127.87359439999999,127.313
2026-03-26 20:09:51.781,1774523391.781085,36.9680446,127.8735938,127.535
2026-03-26 20:09:52.035,1774523392.03539,36.9680418,127.87359319999999,127.782
2026-03-26 20:09:52.281,1774523392.28112,36.968038899999996,127.8735919,127.799
2026-03-26 20:09:52.530,1774523392.530171,36.9680361,127.8735904,127.9
2026-03-26 20:09:52.779,1774523392.779572,36.9680335,127.8735888,127.93
2026-03-26 20:09:53.032,1774523393.032933,36.968030999999996,127.87358689999999,128.014
2026-03-26 20:09:53.280,1774523393.280155,36.9680281,127.87358529999999,127.977
2026-03-26 20:09:53.529,1774523393.529326,36.9680252,127.87358409999999,128.093
2026-03-26 20:09:53.779,1774523393.779211,36.9680225,127.87358289999999,128.18
2026-03-26 20:09:54.033,1774523394.03321,36.9680198,127.8735818,128.18
2026-03-26 20:09:54.279,1774523394.27903,36.9680171,127.87358119999999,128.31
2026-03-26 20:09:54.528,1774523394.528624,36.9680144,127.87358119999999,128.346
2026-03-26 20:09:54.779,1774523394.779631,36.968012,127.8735804,128.38400000000001
2026-03-26 20:09:55.032,1774523395.032694,36.9680099,127.8735797,128.441
2026-03-26 20:09:55.280,1774523395.280465,36.9680075,127.8735791,128.493
2026-03-26 20:09:55.530,1774523395.530354,36.9680052,127.8735785,128.504
2026-03-26 20:09:55.780,1774523395.780298,36.968002999999996,127.8735777,128.611
2026-03-26 20:09:56.033,1774523396.033311,36.9680007,127.873577,128.709
2026-03-26 20:09:56.279,1774523396.279252,36.9679983,127.87357639999999,128.586
2026-03-26 20:09:56.529,1774523396.529231,36.9679959,127.8735755,128.51500000000001
2026-03-26 20:09:56.779,1774523396.779113,36.9679934,127.8735744,128.483
2026-03-26 20:09:57.033,1774523397.033156,36.9679906,127.8735737,128.38400000000001
2026-03-26 20:09:57.279,1774523397.279643,36.967987799999996,127.87357279999999,128.078
2026-03-26 20:09:57.530,1774523397.53001,36.9679851,127.87357209999999,127.947
2026-03-26 20:09:57.780,1774523397.78058,36.9679825,127.87357159999999,127.842
2026-03-26 20:09:58.033,1774523398.033255,36.9679801,127.87357139999999,127.82600000000001
2026-03-26 20:09:58.279,1774523398.279789,36.9679777,127.8735712,127.833
2026-03-26 20:09:58.530,1774523398.530195,36.9679754,127.87357089999999,127.783
2026-03-26 20:09:58.780,1774523398.780139,36.967973,127.87357069999999,127.762
2026-03-26 20:09:59.032,1774523399.032387,36.9679709,127.87356989999999,127.71300000000001
2026-03-26 20:09:59.281,1774523399.281267,36.967968899999995,127.87356849999999,127.575
2026-03-26 20:09:59.530,1774523399.530636,36.9679669,127.8735669,127.516
2026-03-26 20:09:59.779,1774523399.779546,36.9679648,127.87356519999999,127.455
2026-03-26 20:10:00.033,1774523400.033449,36.9679624,127.8735636,127.467
2026-03-26 20:10:00.279,1774523400.279388,36.9679597,127.8735626,127.395
2026-03-26 20:10:00.529,1774523400.529361,36.967956799999996,127.8735615,127.31400000000001
2026-03-26 20:10:00.780,1774523400.780229,36.9679539,127.87356059999999,127.217
2026-03-26 20:10:01.033,1774523401.033324,36.9679508,127.8735596,127.18900000000001
2026-03-26 20:10:01.279,1774523401.279227,36.9679479,127.8735591,127.169
2026-03-26 20:10:01.530,1774523401.530026,36.9679451,127.87355849999999,127.165
2026-03-26 20:10:01.778,1774523401.778659,36.9679424,127.8735579,127.185
2026-03-26 20:10:02.032,1774523402.032615,36.967939799999996,127.8735574,127.196
2026-03-26 20:10:02.280,1774523402.28055,36.9679374,127.87355649999999,127.169
2026-03-26 20:10:02.529,1774523402.529691,36.967934899999996,127.8735557,127.193
2026-03-26 20:10:02.779,1774523402.779806,36.967932399999995,127.8735552,127.267
2026-03-26 20:10:03.033,1774523403.033275,36.9679298,127.8735545,127.261
2026-03-26 20:10:03.279,1774523403.279372,36.9679271,127.87355389999999,127.268
2026-03-26 20:10:03.528,1774523403.5287,36.9679244,127.8735533,127.296
2026-03-26 20:10:03.779,1774523403.779237,36.967921499999996,127.87355249999999,127.309
2026-03-26 20:10:04.032,1774523404.032597,36.967918499999996,127.87355179999999,127.37700000000001
2026-03-26 20:10:04.279,1774523404.279609,36.9679155,127.8735511,127.343
2026-03-26 20:10:04.530,1774523404.530112,36.9679123,127.87355009999999,127.32300000000001
2026-03-26 20:10:04.779,1774523404.779802,36.967909,127.87354939999999,127.303
2026-03-26 20:10:05.033,1774523405.033391,36.9679056,127.87354839999999,127.261
2026-03-26 20:10:05.280,1774523405.2807,36.967902099999996,127.8735476,127.269
2026-03-26 20:10:05.530,1774523405.530179,36.9678987,127.8735466,127.239
2026-03-26 20:10:05.780,1774523405.780289,36.967895299999995,127.8735454,127.264
2026-03-26 20:10:06.034,1774523406.034248,36.967892,127.87354429999999,127.276
2026-03-26 20:10:06.280,1774523406.280117,36.967888699999996,127.87354339999999,127.253
2026-03-26 20:10:06.529,1774523406.529721,36.967885599999995,127.87354269999999,127.345
2026-03-26 20:10:06.780,1774523406.780764,36.9678823,127.8735418,127.327
2026-03-26 20:10:07.033,1774523407.033602,36.9678791,127.8735411,127.319
2026-03-26 20:10:07.279,1774523407.279465,36.9678758,127.8735404,127.35600000000001
2026-03-26 20:10:07.530,1774523407.530042,36.967872799999995,127.87353999999999,127.416
2026-03-26 20:10:07.780,1774523407.780313,36.9678696,127.8735399,127.373
2026-03-26 20:10:08.032,1774523408.032674,36.9678665,127.87353949999999,127.367
2026-03-26 20:10:08.280,1774523408.280614,36.9678636,127.87353909999999,127.27
2026-03-26 20:10:08.529,1774523408.529626,36.967861,127.87353909999999,127.265
2026-03-26 20:10:08.779,1774523408.779016,36.967858799999995,127.8735389,127.363
2026-03-26 20:10:09.032,1774523409.032342,36.9678567,127.8735392,127.388
2026-03-26 20:10:09.281,1774523409.281066,36.9678549,127.87353909999999,127.337
2026-03-26 20:10:09.530,1774523409.530539,36.967853399999996,127.87353879999999,127.292
2026-03-26 20:10:09.780,1774523409.780707,36.9678517,127.87353829999999,127.18900000000001
2026-03-26 20:10:10.033,1774523410.033651,36.967849699999995,127.8735373,127.13000000000001
2026-03-26 20:10:10.280,1774523410.280529,36.9678474,127.8735368,127.304
2026-03-26 20:10:10.530,1774523410.530405,36.9678447,127.8735358,127.171
2026-03-26 20:10:10.779,1774523410.779016,36.9678421,127.8735349,127.146
2026-03-26 20:10:11.033,1774523411.033685,36.9678401,127.8735342,127.176
2026-03-26 20:10:11.280,1774523411.280755,36.9678384,127.87353359999999,127.25
2026-03-26 20:10:11.530,1774523411.530191,36.9678373,127.8735332,127.185
2026-03-26 20:10:11.779,1774523411.779564,36.967836399999996,127.87353279999999,127.158
2026-03-26 20:10:12.033,1774523412.033811,36.967835699999995,127.8735325,127.12400000000001
2026-03-26 20:10:12.280,1774523412.280328,36.967835199999996,127.8735322,127.105
2026-03-26 20:10:12.529,1774523412.529633,36.9678349,127.873532,127.099
2026-03-26 20:10:12.780,1774523412.780303,36.967834599999996,127.87353189999999,127.089
2026-03-26 20:10:13.033,1774523413.033705,36.967834599999996,127.8735318,127.07300000000001
2026-03-26 20:10:13.280,1774523413.280392,36.967834499999995,127.8735315,126.94500000000001
2026-03-26 20:10:13.530,1774523413.530209,36.967834499999995,127.87353139999999,126.929
2026-03-26 20:10:13.779,1774523413.779827,36.967834499999995,127.87353139999999,126.919
2026-03-26 20:10:14.033,1774523414.033385,36.967834499999995,127.8735313,126.905
2026-03-26 20:10:14.280,1774523414.280326,36.9678344,127.87353119999999,126.84700000000001
2026-03-26 20:10:14.529,1774523414.529954,36.9678344,127.8735311,126.792
2026-03-26 20:10:14.779,1774523414.779706,36.9678344,127.873531,126.761
2026-03-26 20:10:15.033,1774523415.033584,36.9678343,127.87353089999999,126.72500000000001
2026-03-26 20:10:15.279,1774523415.27948,36.9678343,127.8735308,126.677
